	Sample	Chromosome Position	Start Position	End Position	Sequence	Max Repetitive Seq
8	UACC893	chrX	89203122	89204085	GTCGTAAAATACCGACGTATATAGTATAGGTGTCGTGAAATACCAACGTATATCTTATATTCGTAGGTGTCGTGAAATTCCGTCGTATATGTTATATTCGTCGGTGTCGTAAAATACCGAAGTATATGTTATATTCGTCGCTGTCGTAAAATAAGGACATATATGTTACATTCGTCGGTGTCATAAAATACCGACGTATATGTCACATTCGTCGTTGTCGTGAAATACCGACGTATACCTTATATTAGTCAGTGTCGTGAAATACCGACGTATATATTAAATTTGTAGGTGTCATAAAATAACGTCATATATATTATATTTGTAGGTGTCGTAAAATACCGACGTATATAATATAGGTGTCGTGAAATACCGACGTATGTATTATATTCGTAGGTGTCATGAAATTCCGTCGTATATGTTATATTCGTCGGTGTCGTAAAATACCGACGTATATGTTATATTCGTCGGTGTCGTAAAATACCGATATATATCTTAGATTCGTCGGTGTCATAAAATAAGGACGTATATGTTACATTCGTCAGTGTCATAAAATAACGACGTATATGTTACATTCGTCGTTGTCATGAAATACCGACGTATACCTTATATTAGTCGGTGTCGTGAAATACCGGCGTATATATTATATTCATAGGTGTCGTAAAATAACGACATATATATTATATTTGTAGGTGTCGTAAAATACTGGCGTATATATTATAGTCTTCCGTGTCGTAAAATACCGACGTATTTGTTATAATCGTCGGCGTCGTAAAATACCGACGTATATGTTATGTTCATCGGTGTCATAAAATAGCAACATATATATTACATTTGTAGGTGTCGTAAAATACCGACATATATAGCATAGGTGTCGTGAAATACCGACGTATATATTATATTCGTAGGTGTCGTGAAATACCGACGTATATATTATATTCATAGGTGTCGTAAAATAACGACATAT	('GTCGTAAAATACCGA', 3)
10	UACC893	chrX	89203968	89204881	AATACCGACATATATAGCATAGGTGTCGTGAAATACCGACGTATATATTATATTCGTAGGTGTCGTGAAATACCGACGTATATATTATATTCATAGGTGTCGTAAAATAACGACATATATATTATATTTGTAGGTGTCGTAAAATACAGACGTATAGAGTATAGGTGTCGTGAAATACCGACGTATATATTATATTTGTAGGTGTCGTGAAATACCAACGTATATCTTATATTCGTAGGTGTCGTGAAATTCCGTCGTATATGTTATATTCGTCGGTGTCGTAAAATACCGACGTATATGTTATATTCGTCGGTGTCGTAAAATAAGGACGTATATGTTACATTCGTTGCTGTCATAAAATACCGACGTATATGTTACATTCGTCGTTGTCGTGAAATACCGACGTATACCTTATATTAGTCGGTGTCGTGAAATACCGACGTATATATTATATTCGTAGGTGTCATAAAATAACGTCATATATATTATATTTGTAGGTGTCGTAAAATACCGACGTATATAGTATAGGTGTCGTGAAATACCGACGTATATATTATATTCCTGGTGTCGTAAAATAACGACATATATAATATATTTCTACGTGTCGTAAAATACCGACGTATATAGTATAGGTGTCATGAAATACCGAAATATGTATTATATTCGTAGGTGTGAAATTCCCTCGTATATGTTGTATTCGTCGGTGTCGTAAAATACCGACGTATATGTTTTATTCGTCGGTGTCGTAAAATACCAACAGATATCTTAGATTCGTCGGTGTCATAAAATAAGGACGTATATGTTACATTCGTCGGTGTCGTAAAATACCGACGTATATGTTACATTCGTCGTTGTCGTGAAATACCGACGTATACCTTATATTAGTCGGTGTCGTGAAATACCGGCGTATATAT	('TACCGACGTAT', 4)
12	UACC893	chrX	89205907	89206664	AATTCCGTCGTATATCTTATATTCACTCTTGTCGTAAAATACTGACGTATATCTTACTTTCGCAGGTGTCATAAAATACAGGTGTATAACTTATAATCGCAGGTGTCGTAAAATACAGACATAAATCTTATATTCGCTTGTGTCATAAAATACCGAAATATATGTTATATTCACCGGTGTCATAAAATACCGACGTATATGTTATATTCGTCGGTGTCGTAAAATACCAACGTATATGTAATATTCGTAGGTGCCGTAAAATACTGACCTATCTGTTATATTCTTCGGTGTCGTAAAATACCGACGTATCTGTTATAATCGTCAGTGTCGTAAAATACCGACGTATATATTATAGTCTTCCGTGTCGTAAAATACTGACGTATTTGTTATAATCGTCGGCGTCGTAAAATACCGACATATATGTTATATTCGTCGGTGTCGTAAAATAACGACATATATATTATATTTGTAGGTGTCGTAAAATACCGACGTATATAGCATAGGTGTCGTGAAATACCAACGTATATATTATATTCGTAGGTGTCGTGAAATTCCGTCGTATATGTTATATTCGTCGGTGTTGTAAAATAACGACATATATATTTGTAGGTGTCGTAAAATACCGACGTATATGTTATATTCGTTGGTGTCGTAAAATAAGGACGTATATGTTACATTCGTTGGTGTCATAAAATACCGACGTATATGTTACATTCGTCGTTGTCGTGAAATACCGACGTATACCTTATATTAGTTGG	('GGTGTCGTAAAATACCGACGTAT', 2)
13	UACC893	chrX	89205909	89206368	TTCCGTCGTATATCTTATATTCACTCTTGTCGTAAAATACTGACGTATATCTTACTTTCGCAGGTGTCATAAAATACAGGTGTATAACTTATAATCGCAGGTGTCGTAAAATACAGACATAAATCTTATATTCGCTTGTGTCATAAAATACCGAAATATATGTTATATTCACCGGTGTCATAAAATACCGACGTATATGTTATATTCGTCGGTGTCGTAAAATACCAACGTATATGTAATATTCGTAGGTGCCGTAAAATACTGACCTATCTGTTATATTCTTCGGTGTCGTAAAATACCGACGTATCTGTTATAATCGTCAGTGTCGTAAAATACCGACGTATATATTATAGTCTTCCGTGTCGTAAAATACTGACGTATTTGTTATAATCGTCGGCGTCGTAAAATACCGACATATATGTTATATTCGTCGGTGTCGTAAAATAACGACATATATATT	('TGTCGTAAAAT', 2)
14	UACC893	chrX	89205914	89206664	TCGTATATCTTATATTCACTCTTGTCGTAAAATACTGACGTATATCTTACTTTCGCAGGTGTCATAAAATACAGGTGTATAACTTATAATCGCAGGTGTCGTAAAATACAGACATAAATCTTATATTCGCTTGTGTCATAAAATACCGAAATATATGTTATATTCACCGGTGTCATAAAATACCGACGTATATGTTATATTCGTCGGTGTCGTAAAATACCAACGTATATGTAATATTCGTAGGTGCCGTAAAATACTGACCTATCTGTTATATTCTTCGGTGTCGTAAAATACCGACGTATCTGTTATAATCGTCAGTGTCGTAAAATACCGACGTATATATTATAGTCTTCCGTGTCGTAAAATACTGACGTATTTGTTATAATCGTCGGCGTCGTAAAATACCGACATATATGTTATATTCGTCGGTGTCGTAAAATAACGACATATATATTATATTTGTAGGTGTCGTAAAATACCGACGTATATAGCATAGGTGTCGTGAAATACCAACGTATATATTATATTCGTAGGTGTCGTGAAATTCCGTCGTATATGTTATATTCGTCGGTGTTGTAAAATAACGACATATATATTTGTAGGTGTCGTAAAATACCGACGTATATGTTATATTCGTTGGTGTCGTAAAATAAGGACGTATATGTTACATTCGTTGGTGTCATAAAATACCGACGTATATGTTACATTCGTCGTTGTCGTGAAATACCGACGTATACCTTATATTAGTTGG	('GGTGTCGTAAAATACCGACGTAT', 2)
15	UACC893	chrX	89206766	89207480	TAGGTGTCGTGAAATACCGACGTATATATTATATTCCTGGTGTCGCAAAATAACGACATATATATTATATTTGTAGGTGTCGTAAAATACCGACGTATTTAGTATAGGTGTCGTGAAATACCGACGTATGTATTATATTCGTAGGTGTCATGAAATTCCGTCGTATATGTTATATTCGTCGGTGTCGTAAAATACCGACGTATATGTTATATTCATCAGTGTCGTAAAATACCGACAGATATCTTAGATTCGTCGGTGTCATAAAATAAGGATGTATATGTTACATTCGTCAGTGTCGTAAAATACCGACGTATACCTTATATTAGTCGGTGTCGTGAAATACCGGCGTATATATTATATTCGTAGGTGTCGTAAAATAACGACATATATATTATATTTGTAGGTGTCGTAAAATACCGACGTATATAGTATAGGTGTCGTGAAATACCGACGTATATATTATATTCGTAGGTGTCGTGAAATACCAACATATATCTTATATTCATAGATGTCGTGAAATTCCGTCGTATATGTTATATTCGTCGGTGTCGTAAAATACCGACGTATATGTTATATTCGTCGGTGTCGTAAAATACCGACGGATATGTTATATTCGTCGCTGTCGTAAAATACCGACGTATATCTTAGATTCGACGGTGTCGTAAAATACCGAAGTATATCTTATATTCGATGATGTCGTAAAATACCGACGTAT	('TAGGTGTCGTGAA', 3)
18	UACC893	chrY	6535077	6535660	GAAATTCCGTCGTATATGTTATATTCGTCGGTGTCGTAAAATACCGACGTATATGTTATATTCGTCGGTGTCGTAAAATACTGACGTATATCTTAGATTCGTCGGTATCATAAAATAAGGACGTATATGTTACATTCGTCAGTGTCGTAAAATACCGACCTATATGTTACATTCGTCGTTGTTGTGAAATACCGACGTATAACTTATATTAGTTGGTGTCGTGAAATACCGACGTATATATTATATTCGTAGGTGTCGTAAAATAACGGCATATATATTATATTTGTAGGTGTCATAAAATACCGACGTATATAGTATAGGTGTGAAATACCGACGTATATATTATATTCGTAGGTGTCGTGAAATACCAACATATATCTTATATTCGTAGGTGTGAAATTCCGTCGTATAAGTTATATTCGTCGGTGTCGTAAAATACCGACGTATATGTTATATTCGTCGGTGTCATAAAATACCGACGTATATCTTAGATTCGTCAGTGTCGTAAAATACCGACGTATATGTTATATTCGTCACTGTCGTAAAATACCGACGTATATCTTAGATTCGAGGGTGTCGTAAAA	('AAATACCGACGTAT', 3)
23	QGP1	chr12	71139013	71139971	AAGTGAATGCCTGTGAATTATCCAAACCCAATTTATCCTCCTCAATGCTCTCTAAGAGATAATTCTGATTATCTCATTCATTTAAACTTTTTTTTTAGCATGGCATGTAGAACACCTATGATTTTACCACAACCCACACTTGGATTCATCTTCCATCATTTACTGGAAACAGTTTTGCCGGTCTCCTGCCATACCCAAGGCTTCTCAGTTCCCAAACACACCAGCACTGTACTGCCACGTTGTCTTTCCGGAAAGCTTTTCCTACCCTCACTCATACAAATACCTTATTCACTTCTGCCCTGGTTTGAAAATCCCATCCCCTGTCTTGCCCTTTGCTTCTGGGGCCACTCCCACTGTAGCTATTTGCTTACTTATTAACCTTCCCTAGTAGGTTCTAAAGGTCTTATGTATTATTTCGCACAATATCTGACACATAGAGGTATGGCAGTAATGTTGAATGAGTGAATGAATGAATGGATGAATGATTAAAATTTGTCTCCTCTCAGAGTATCCTCCAGTTTCTAAGCCAAACTAAGCCAAATCTAAGCCATATCAGCTTCCACAATCAAACCTTCTAAAGAGAAGTTGGAGTTAGAGTTTCATCAATCATGGCACGTTCTTTTAACAGACAATAGGGATGGGAGAGAATCCTCTGGAGTCTGAAGGTTGGACACTGGGATTTGTTTGGAGAACTCACCAACAGAAGCATGCAGCGACTTTCTTTTATAGCACCGCAGCATCCCAGGAAGCCCAGAATCATGATGATGGCACCTACAGCAATCAATATGTCCACAGCAACGTAGGAGCTAGAGCCTACATCTTCAGAACCAAAAATCTGAAGTAAAAAAGAGATTAATGGCAGAAAATTTATTTCCTTGAAGTTTATTTTGCTCATTCAACAAATATCCATTGAGTGCCTCCTATGTGTCAAGTCCTGTGCCAGGACCCTGAAATACATC	('CTAAGCCAAA', 2)
46	UACC893	chr20	63492159	63492902	GGATGTATGGGTGGGTAGGTGGGTGGATAGATGGATGGATGGATGGATGGATAAATGGATGGATGGAAGGATGGATGGATAGGTAGGTGGGTGGATGGATGGATGGATGGATGTACAGAAGGATGGATGGGTGGGTAGGTGGGTGAGTGGATGAATGGATGGATGGATAGATAGAAGGATGGATGGGTGGGTCAATAGATGGATGGATAGAGAGAAGGATGGATGGGTGGGTAGATGGATGGATGGATGGATGGATGGATAGAGAGAAGGATGGATGGTTGAGACAATGGATGGATGGATGGATGGATGGAGAGATGGATGGATGGATGGATGGACAGAAGGATGGATGGGTGGGGAGGTGGATGGATGGATGGAAGGATGGATGGATGGATAGAGAGAAGGATGGATGGGTGGGACAATGGATGGATGGATGCATGGATGGATGGATGGAGGGATAGAGAGAAGGATGGATGGGTGGGACAATCAATGGATGGATGGATGGATGGATGGATAGAGAGAAGGATGGATGGGTGGGGAGATGGATGGATGGATGGAGAGGTGGATGGATGGATGGATGGATGGATTGATGGACAGAAGGATGGATGGGTGGGGAGGTGGATAGATGGAGAGATGGAGGGATGGTTCGATAGAGAGAAGGATGGATGGGACAATGGATGGATGGATGGATGGAGTGAAGGATGGATGGGTGGGGAGATGGATGGATCGATGGATGGATGGATGGAT	('GGATGGATGG', 17)
65	HCC1419	chr8	144021087	144021662	GACCCCATCCCCTCATAACCCACTTTCTCCCATGAGGATTCTCTCCCTCAGGACCCTCTTCCTTCAGTATCCTCTCCCCTCAAGACCTTTCCCATCAGGACCCTCTCCCCTTAGAACCCCCTCCCCTCAAGACCGCCTTCCCTCAGGACCCTCTCCCCTCAGGACTCTCTTCCTTCAGGACCCCCTTCCCTCAGGTCCCTCTCCCCTCAGGACCCTCTTCCCTCATGACCCTCTGCCCTCATGACCCAGTTTCTCCCCTGAGAATTCTCTCCCTCAGGACTCTCTTCCTTCAGTATCCTCTCTCCTCGGGACCTTCCCCATCAGTACCCTCCCACCTTAGAACCCTCTCCCCTCAAGACTGCCTTCTCTCAGGACCCTCTCCCCTCAGGACTGCCTTCCCTCAGGACCTCCTTCCCTCAGATCCCTCTCCCCTCAGGGCCCTCTGCCCTCAAAACTCTCTTCCCTCAGAACTTTTCTTCTAAGGACCCTCTTACCTCAGAACCCTCTCACCTCAGGACCCTCTGTCCAGAAGAACCTCACACCCCAGGACCTTCCCCCTCAAGATCCTCCCCCCTC	('CTCAGGACCCTCT', 2)
66	HCC1419	chr20	47895009	47895845	GGAAGCTGGCGACCCAGGGAGAGGTCTTGTACTAGTCTGAGGGTCGTGGAGCTGCAGACCCAGGGAGGGGCAATGTTGTTGTAATTCGAGGGTCTGGCAGCTGGCAACTCGGGGAGGAGAAGTCTTGTTGGAGTTTGAGGGTCGTGGAGCTGCCAACCCAGGGAGGAGCAATTTTGTTGTAGTTCAAGGGTCCGGAAGCTGGCGACCCAGGGAGGAGAGGTCTTGTTCTATTGTGAGGGTCGTGGAGCTGCCGACCCAGGGAGGAGCAATTTTGTTGTAATTTGAGGGTCCGGAAGCTGGCGACCCAGGGAGGAGAGGTCTTGATCCGGTCTGAGGGTCGTGGAGCTACAGACCCAGGGTGGAGCAATGTTGTTGTAGTTCGAGGGTCTGGTAGCTGGCAACTTGGGGAAGACAAGTCTTGTTCGAGTTCGAGGGTCGTGGAGCTGCAGACCCAGGGAGGAGCCATTTTGTTGTAGTTCAAGGGTCCGGAAACTGGCGACCCAGGGAGGAGAGGTCTTGTTCTAGTTTCAGGGTCGTGGAGCTTCTGACCCAGGGAGGAGCATTGTTGTTTTAGTTCGAGGGTCAGGAAGCTGGCGACCCAGGGAGGAGAGGTCTTGTTCTGGTTTGAGGGTCGTGGAGCCGCAGACCCAGGGAGGAGCAATGTTGATGTAAGTTGAAGGTCCGGTAGCTGGCACCCTGGGGAGGAGAAGTCTTGTTCGAGTTTGAGGGTCGTGGAGCTGCCGACCCAGGGAGGAGCAATTTTGTTGTCGTTCGAGTGTCAGGAAGCTGGCGACTCAGGTAGGAGAAATTTTGTTCTAGTTTCAGGGTTGTGGAGCT	('GAGGGTCGTGGAGC', 7)
67	HCC1419	chr20	48516271	48516419	CCAGCTACCGGACCCTCGAACTACAGCAACATTGCTCCTGCCTGGGTCTGCAGCTCCACGAAAATCAAACTAGAACAAGACCTCTCCTCCCTGGGTCGCCAGCTTTCTGACCCTCGAACTACAGCAATGTTGCTCCTGCCTGGGTCTGC	('CTCGAACTACAGCA', 2)
73	ES2	chr11	71410468	71410875	GGCTGTGACAATGATTATGACAATGATGATGACTATGACAATGATGATGACTATGACAATGGCGATGACGATGACATAATGATGACAATCATGATGATGACTACGACAATGATGACGACATTGACAGTGATGACAATAATGATGTCGATGATGATAATGATGATGACAATGGTGATAACAATGATGATGACAATAATGATAACAGCAATGACAATGATGATGAAAATGATAACAATGACAATTATGATGATGACTATGATGATGATGGCAATGATGACATTGATGATGATGATAATGACAATGATGATGATGACAATGATGACATTGATGATGATGATGACAGTGACAATGATGATGACAATGATAATGACAATAATGATAACAATGACAGTGATGACAATGATGATG	('ATGATGATGA', 5)
74	ES2	chr11	71410694	71410875	TGATAACAATGACAATTATGATGATGACTATGATGATGATGGCAATGATGACATTGATGATGATGATAATGACAATGATGATGATGACAATGATGACATTGATGATGATGATGACAGTGACAATGATGATGACAATGATAATGACAATAATGATAACAATGACAGTGATGACAATGATGATG	('TGATGACATTGATGA', 2)
76	ES2	chr11	89266491	89267008	ATGTATTGGTCCCCTGCCTCTAATCCCTCCAACAACAACAACAACAACAAAATCCAATCTGCGTAACACCTCCATATAATTCTTTCTATGCACCATTTTTTCACACAATTCCACTCTTCAAAGGGCAATAGTCTTCCACTGCATATATGTTACATACAGAATAAATTCAAATACTTTGGGCTGATACCCATAGATTTTTGCTATTTTGTTCTTGCTGCCCACTTTTCTACTATTGTTTTAGTCTATAAGCACCAAACTAAGCACTAATTTTTCTCATTTTCTGAAGCAGAGGTGGAAACAAACCTTGCCTGTTCATATGCAGATTATCATGTAGGTAATTACATGAAGATTATCATGTAGATTATTACATAAAGAATAATTCCTCTGGATTCCTACCAAACCATGTCAATTACTGGGGAGGCTACAAGTGTTAGAGTTTGTGTCTGAAGGGCCTTATGCACAATAGGAATGATATCCTTTTGTCTGGGGGAAAGACTTGTCATTCAAAATAAAGGAGT	('AGATTATCATGTA', 2)
79	ES2	chr11	99385168	99385813	TCTCTTAGCATTTTTTCAAGAATACAAATATTGTTAACTTTAGTCACTGTGTTGTGCAAGAGATCTCCCAAACTTATTTCTCTATCTAACTGAAACCTTGCATCTTTTGATCAACATCAACGTCTTCTCAACCCCTGAAACACCCCCGCCCCACCCCTCACTGCCAGTCTCAAAAGTAATGTAATCCAGCTTGGATTTGGTGATTTGGACTTGAACTGGATTGAAATCACCAATCCAGCTTGGATTAGTGATTTGGACTTGAACTGAGGGGAAATTATAGGTGTTATATTTTATTCATAAACCAGTAATTTTATAGTAATGTGTTAACAAAGGAGAAAAATAAATGGTCCAGTGAAAAATTGAGTTATGGTTAGATTGCATAGGAATGTAATCAATAAAGTATGACATAGTAGAGAGAGAAAATTTGTAAGAAAAAGGTCATAATGCAGAACTCTTGTATTTAGTTAAGTATCATTTGAGGCTCTTTTTGTTGAAAATGGCAGACAAACCAGTATACAATAGCTTAGGCAATAAAGATGACTTATTGGCTCATATAACTGGAAGATCCAGAATAAGAAGGAGTTTTAGCTCAAGGATGTCGTCAGAGATCCCATTTTCCCATCTTTCCACAGTGCATCCTGTATAT	('TTGGACTTGAAC', 2)
97	NCIH2171	chr12	6665129	6665730	TTTATTTATCCCAGCCCAACTACATAACAAGTACTATTGGCCAGCAGTCCCAGAGTTCTCAGGATGTGGGAGCTTGGTCACAACTTTCACAACTTTTTCGGTGCTTAAAGCAAGGTTTTTTTTTTTTTGTTTTTTTTTTTTTTTCCAGACAGAATCTCGCTCTGTGGCCCAGGCTGGAGTGCAGTGGTGCAATCCCGGCTCACTGCAACCTCCGCCTCCCAGGTTCAAGTCATTCTTCTGCCTCAGCCTGCAGCTGGGACTACAGGCGCGTGCCACCACACCTGGCTAATTTTTGTATTTTTATTTTACTTTTTTGAGAGAGAGTCTCACTCTGTCGCCCAGGCTGGAGTGCCATGGCACGATCTTGGCTCACTGCAACCTCTGCCTCCTAGGTTCAAAAGATTCTCCTGCCTCAGCCTCCTGAGTAGCTGGGATTGCAGGCGCCCACCACTATGCCTAGCTTATTTTTTGTATTTTCAGTAGAGACGGGGTTTCACCATACTGGCCAGGCTGGTCTCGAGCTCCTAACCTCATGATTCACCTGTCTCGGCCTCCCAAAGTGCTGGGATTACAGGCGTGAGCCACCGTGCACGGCCATCAAT	('TTTTTGTATTT', 2)
105	NCIH2171	chr14	22710466	22710886	TATCACGAGGGGTATACAATCTTTGCGACATTGGGAGTAATATCATTTTCTCCCCCAGTGCATATTACAAACAATATCACAGAAGGATGTACACCCTCTGTGATATTGGGAATACTTTTATGCTCCCCCCTGAAAAACTATAAACAACATCATAGGGGAGTGTATACTCCATGCGATATTGGAAGTAATGCCATCCTCTCCCCCTCTGAATATTATGAACAATATCACAGGAAGGTGTACACTCTGCAATATTGGGAGTAATACCACCCTCTCCTCCCCTGGATATTATCAACAATATCATAGGATGGGGTACACACCCTGTGATATTGGGAGTAATATCATCCTCTGCCACCCTGGATATGACGAACGTTATCACCGAGAATGTACACACAGGGTGTTTACGATATTGCGAGTAATATCA	('ATTGGGAGTAATA', 2)
108	MDAMB453	chr5	1622586	1623331	CCGGGCCTGCAGCTGCAAGACCCTCAATCTAGAACCTCAGCTCCTCCCCGGGTCTTCAGCTGCATGACCCCCAAATTAGAACCTCAGCTCCTCCCCGAGTCTTCAGCTGCATGACCCTCAATCTAGAACATCAGCTCCTATCCAGGTCTGCAACTGCACGTCCCTCAAACTAGAACATCAGCTCCTCTCCGGGTCTGCAGCTGCAAGATTCTCAAATCAGAACATCAGCTCCTCTCCGAGTCTGCAGCTGCATGACCCTCAAACTAGAACATCAGCTCCTCTCTGGAACTGCAGCTGCAAGACCCTCAAACTAGAACATCAGCTCCTCTCCGGGTCTGCAGCTGCACGACCCTCAATCTAGAACCTCAGCTTCTCCCCAGGTCTTCAGCTGCATGACCCCCAAATTAGAACCTCAGCTCCTCCCCGAGTCTTCAGCTGCATGGCCCTCAACCTAGAACATCAGCTCCTATCCAGGTCTGCAGCTGCACGTCCCTCAAACTAGAACATCAGCTCCTCTCCAGGTCTCCAGCTGCACGACCCTCAAACTAGAACATCAGCTCCTCTCCGGGTCTGCAGCTGCAAGATTCTCAAATCAGAACATTAGCTCCTCTCCGAGTCTGCAGCTGCATGACCCTCAAACTAGAACATCAGCTCCTCTCTGGAGCTGCAGCTGCAAGACCCTCAATCTAGAACCTCAGCTCCTCCCCGGGTCTTCAGCTGCATGACCCCAAAATTAGAACCTCAGC	('CCGAGTCTGCAGCTGCATGACCCTCAAACTAGAACATCAGCTCCTCT', 2)
121	MCF7	chr20	48515971	48516420	GTCGCCAGCTTCCTGATCCTCGAATTACAACAAAATTGCTCCTCCCTGGGTCGGCAGCTCCACGACCCTCAAACTAGAACAAGACCTCTCCTCCCTGGGTCGCCAGCTTCCTGACCCTCAAATTACAACAAAATTGCTCCTCCCTGGGTCTGTGGCTCCACAACCCTCAGACCAGAACAAGATCTCTCTCCTCCCTGGGTCTCCAGCTTCTGGACCCTCAAATTACAACCAAATTGCTCCTCCCTGGGTCGGCAGCTCCACGACCCTCAAACTCGAACAAGACTTCTCCTCCCCGGGTTGCCAGCTACCGGACCCTCGAACTACAGCAACATTGCTCCTGCCTGGGTCTGCAGCTCCACGAAAATCAAACTAGAACAAGACCTCTCCTCCCTGGGTCGCCAGCTTTCTGACCCTCGAACTACAGCAATGTTGCTCCTGCCTGGGTCTGCA	('AATTGCTCCTCCCTGGGTCGGCAGCTCCACGAC', 2)
125	MCF7	chr20	63657379	63658047	GAGCCGAACCATATCAGCATGTATGGGGGGCACTGAAACTTGTGCTTGGTGCCCATTCATTCAACGAGTGTGTGTGGCTGGTCTCCTCATCTTCAACTCCCTGCCGAGTCTCAGATAGGCAGCCTGCAGTTCCTTCACCACAACAGGCACATGGGGCTGGGTGCCAGTGAGTGCTGGGGCTTCTCCGAGCACTATCTCACACCCAGGAGCGTGGGCACGCATGGCATTCGCATGTGCCGTCAGTGGACATTAAACACAGCCATGAAGAAGCCACGAAGAAGTGCTGCCTGCCGGCCGTGCGCGGTCACGCAGCGCCAACTCCCTCCTGGGGCCTTCTGGGGCCTTCTGGGGCATGGGAGCTGGGGCCGCCTGAGACAAACATCCGTGACGCTGGGCTGACCCCACAGAACGGTGCGGGCCTCGCTCTTGGAGTCAGCCCTGCTGCCAGCCAGTGCCGGGTGCTGGGGACTCAGGGAGGCCCGCCGGGACCACTGCGGGACAGTGAGCCGAGCAGAAGCTGGAACGCAGGAGAGGAAGGAGAGGGGGCGGTCAGGGCTCTCAGGAGCCGGGTCCTGGGCAAGGCGCAGCCGTTTTCAAATTTTCAGGAAAGCGGTCGGCTCACACTCGAGCAGTAAAAAGATGCCTCTGGGGAGGAGGCCCGTGCAGCTC	('GCCTTCTGGG', 2)
129	HS746T	chr7	94549034	94549477	TAGTTAATTGTAGATTATTGAGGACATTTGGAGAATGATAACTATATTTTAACTTTAACAGTTGTTATTTGGGATACTGATACCATACTGGCTGAAATATTTTGTATTTTTCTGTTTGATGAGTAAATACTAGTTATTTTGTCTGTGAGATTAAAAACCTTAGGTAGAATGATTTTCTAATTACCAGATTTTTTGATTTGGGGGCTTAAGAAAATTTTACACTCTCAGTAGCCTTTCATGTGAAATGAAAATAAGTTTACCAAGTTTTAAGTCATCTTTTTTGGTCATTAGAAGATAAATTTATTTTCAAATTTTTAAAATTTCATTTGAAATACATTTCAAATGAAGTGATATTTTCAAATGAAATAAAACAGAATTTTAACATTGTGAATGACTCTTATATAATCCAAACTTCAGAAAACTATAATCTGTAATAGAATTGCA	('TATTTTCAAA', 2)
130	HS746T	chr7	96753189	96753842	GGAGGACAGAATAGTTCACAAAGGTATGATACCAACTATACCCATTTTCACTGAAGATAGACACAGGAAATAGCTTTAAACAAAGGCCTAAAGGTCTTACATGGGCTGAAATTTTAAAAGTTTTGTTGATTAGAATTGAATATTGGAGTTACTGACAGAATTGTGGAATATCTTCCTGCAGAGATGTTTAAAAGTAGAACTTGTAACTATAATTGAAGTAAGACCCTTTAAAAGATGGAGATATAAATTAAGGGACTATGCATATAAGCTAAAGCATTGCTTTTGATTTTGCTTAAAAACAAAAACAAAAAGATAGTTTTGTGTTTGAGGTACGGCAAAAACAAAAAGCAAAATATACACTACTCTGGAGTTTTGCTAATATTATCTTAGATTCATTTAATCAATAAATATTTTTATCTAAAACTGTTTTAGGTGCCAGGCTTAATAGGACTGAACGAAGATAAAAATCACTGCTAAAAGGAAGAATTAAAATTAAAAAAAAAACAAAGGATGTATATATTTAGGGGTGAGGGCAGGCATGAAGATGTGTGTAAGTTTAGACGTGTGGCTAAGGAAGGCCTCATTGAAAAGGAAAAATTTGAGTAAATCCTGAAAGTTAAGGGAGAAAGCTATGGGGATCTCTGTGGGAGGGGG	('AAAAACAAAAAG', 2)
131	HS746T	chr7	96996539	96997460	AAATACGAGGTGTGTGTGTGTGTGTGTGTGTGTGTGTGTGTGTCAGAGAGAGAGAAGAGAAGGGGGGTATGAAGTAGTTTATATTCACTGCCTTCCTTTAAAACGTCCTACCAGCTGGACTTGGAGCCTGACAGGTCCCGGGTCCCAGGTCCCAGGCAGCCCCGGCCGGGGCAGGGCCAAGACCGCGTGCCCAGGACAAGTAAGTAACTCAAACCCGACCCGGCAAGCGTGGCCCAAGCTGCTTTTGCAGTTGGGGACAATTGAGCGGACACACAAGTTAATCCCGCACTGATTTGTTTCGGATCCATCTGCAGGACGCCTGATGCCTCCCCCTTGGCTGCTGCAGCGGACACCTGCCTCCCTCCCCATCCCAGACTGCTCTGCTTGTCCCATGAAAGCAGAGAAAAGAAACCATAGGGTGCGGAACGGACCTCAGTAGTATTCAAGACAACACTTCACCGTGAAATGTAAAGTTCTCCTTTAAGAATTCCTGCCTAATATTGAGAACAACAGCCATGTCAATTGATAGCCGTTCTAACAGACAGTCCGAACTGCTCCAAACCACTCTAAAAGCTTGCCTTGATGGAGAAGGGGCCTCTGGGGCCTCTCTATCACCTGCCTGGGGGCCTCTATTTCCCAAGTAGCCCTCAAAGAAAAAAGACCCTATGCTCCCGCGTAGGGGTAGGAAAAGTGCCTGCTATGATGGGTCTTTCTATTCAATACAGAATTAAGAGTTGGGTCCCTGTGGAATTCTCTTCCTAACTACTCTCTGAGGAACCAGCCAATTCTGACGGGATTTGCTGGATTCGAGCAAAACTTGGCGCACATGGGGTGGGGTGTGATGGGGAGCAGGAGGGAGGGGGGCGCATCTCCTTTCTTCCAGATAATTGGGACCCAGCAAAGAAGGAGGGGTGGAGCGGTA	('TGTGTGTGTG', 3)
145	DMS273	chr7	159132925	159133090	GACAGAATGATTGGCATACAGATTGATTTCAGACAGAATGATTGGCATACCGATTGATTTTAGACAGAATGATTGGCATACAGATTGATTTCAGACAGAATGATTCCAAAAATGCAGCCTCCCTAAAGGAATCTCTACAACACTCAAACAAAACGCTATTTTGATT	('GACAGAATGATTGGCATACAGATTGATTTCA', 2)
146	DMS273	chr7	159163829	159164046	AAGAAATCAAATGTTAGTATACTCAAAATAATGTGTTGTTCGAGTGCTGTAGAGATTCCTTTAGGGAGGCTGCATTTTGGAGTCCTTCTGTCTAAAATCAATCATCTGTATGCCAATCATTCTGTCTAAAATCAATCGGTATGCCAATCATTGTGTCTGAAATCAATCTGTATGCCAATCATTCTGTCTAAAATCAATCGGTATGCCAATCATTCTGT	('TTCTGTCTAAAATCAAT', 2)
153	FU97	chr5	754047	754617	TGCTCAGGGGAAACAACCTCTCGTTCTTGAGCCTCCACCGTGCTCAGGGGAAACACGTCTCATCTATGAGTCTCCACTGTGCTCAGGGGAAACACCTCTCATCTATGAGCCTCCACCATGCTCAGGGGAAACATCTCTCGTCTATGAGCCTCCACCATGCTCAGGGGAAACACGTCTCATCTATGAGCCTCCACCGTGCTCAGGGGAAACACCTCTCGTCTATGAGCCTCCACCGTGCTCAGGGGAAACACCTCTCGCCTATGAGCCTCCACCACGCTCAGGGGAAAGACCTCTCATCTGTGAGCCTCCACCGTGATCAGGGGAAACACCTCTCATCCTTGTGCCTCCACCATGCTCAGGAGAAACACCTCTCGCCTGTGAGCCTCCACCATGCTCAGGGGAAAGACCTCTCGCCTGTGAGCCTCCACCGTGCTCAGGGAAACATCTCTCTTCCTTGCATCTCCACCGTGCTCAGGGGAAACACCTCTCGTCTATGAGCCTCCACCGTGCTCAGGGGAAACACCTCTCATCTGTGAGCCTCCACCATGCTCAGGGGAAACACCTCTCGTCC	('TGCTCAGGGGAAA', 7)
154	FU97	chr5	846636	847028	TCCACCGTGCTCAGGGGAAATACCTCTCGCCTGTGAGCCTCCACCATGCTCAGGGGAAACACCTCTCGTCCTTGAGCCTCCACCATGCTCAGGGGAAACACCTCTCGTTCTTGAGCCTCCACCGTGCTCAGGGGAAACACCTCTCGTCTATGAGCCTCCACCGTGCTCAGGGGAAACACGTCTCATCTGTGAGCCTCCACCGTGCTCAGGGGAAACACCTCTCGTTCTTGCACCTCCACCATCCTCAGTGGAAACACCTCTCATCCTTGCGCCTCCACCGTGCTCAGGGGAAAGACCTCTCGCCTGTGAGCCTCCACCATGCTCAGTGGAAACACCTCTCATCTGTAAGCCTCCACCGTGCTCAGGGAAACATCTCTCTTCCTTGCATCTCCA	('TCCACCGTGCTCA', 6)
160	DMS114	chr12	108227723	108227776	ATGGTGATGATGATGATGATGATGATGATGGTGATGATTATGATGATGGTGATG	('TGATGATGATGA', 2)
162	NCIH1437	chr5	754051	754588	CAGGGGAAACAACCTCTCGTTCTTGAGCCTCCACCGTGCTCAGGGGAAACACGTCTCATCTATGAGTCTCCACTGTGCTCAGGGGAAACACCTCTCATCTATGAGCCTCCACCATGCTCAGGGGAAACATCTCTCGTCTATGAGCCTCCACCATGCTCAGGGGAAACACGTCTCATCTATGAGCCTCCACCGTGCTCAGGGGAAACACCTCTCGTCTATGAGCCTCCACCGTGCTCAGGGGAAACACCTCTCGCCTATGAGCCTCCACCACGCTCAGGGGAAAGACCTCTCATCTGTGAGCCTCCACCGTGATCAGGGGAAACACCTCTCATCCTTGTGCCTCCACCATGCTCAGGAGAAACACCTCTCGCCTGTGAGCCTCCACCATGCTCAGGGGAAAGACCTCTCGCCTGTGAGCCTCCACCGTGCTCAGGGAAACATCTCTCTTCCTTGCATCTCCACCGTGCTCAGGGGAAACACCTCTCGTCTATGAGCCTCCACCGTGCTCAGGGGAAACACCTCTCATCTGTGAGCCTCC	('TCAGGGGAAACAC', 6)
163	NCIH1437	chr5	846904	847079	GCGCCTCCACCGTGCTCAGGGGAAAGACCTCTCGCCTGTGAGCCTCCACCATGCTCAGTGGAAACACCTCTCATCTGTAAGCCTCCACCGTGCTCAGGGAAACATCTCTCTTCCTTGCATCTCCACCGTGCTCAGGGGAAACACCTCTCGTCTATGAGCCTCCACCGTGCTCAGGG	('GCCTCCACCGTGC', 2)
164	NCIH1437	chr5	1217455	1218281	AAGGTCGACATTTGCTGATTTTCATTATGCAGTGTTCTTTTGGGGAGCCACCCCATATTTTGCGGGCATGAGGCACTTCAGGGCCCAGTGCTGCTTCTCCAGTGGCCACTGGGAGAAGAGCTGGGCAGAGCGAGCCATTTCCGCACCAGCTGGAGCCAGGCAGAGGGCTCCGCGGCCTCTCCCGACCCTGTGCCACCAACTGTAGGAGGCCTCCAAGTGCAGGATGCGCAGGCAGGAGGGGCCCAACAGGGCCGTCTGGTCTAAATGTCTTTTAAAAGCAACTTTAGTGAGTTATAATTATGCACCATGAAATTCGCCCACTTCCAGTGCCTTGCACAGCCATGTGCAGCACCCCCGTCCACGCCCGCAAGCTTTCCGTGTGCTGTTGCTCCCCACCCCTGGCAGCCCCAGGCACCCCCTCTGCTGCTCTGCCCACCTGCCTTTTCTAGAAACGCCACAGAAAGAAACCCCCGTGGTGTGCAATCTCATGGCAGGGCTGCCCTCGGCAGTGCCATTCCGAGAAGCACCAGAGTTGGCGCCTCCATCCTGGCGCCTCCTCCCGCCACCTCCCACCACCTCCTGCCTCCTCCCGCCTCCTCCCACCTCCTGCCCTGCACTGAAGAGCGGCGTGCCTTGTATGCACGTGCTGCTGCCTGCTTCTAATGATTTCCTTTTAAACTCTTCAGAGCCCTCCACAAGCCACGTCCTGCTGTGCAAGGGGTTCCACTCTTGCCTCTGGAACTCGCATAGTTGTGTTAAGCGGCCGTGGAGGACCCTGTCTTCAGATGGGTCCTTGAGTCCTGCCATATCCAATCCCTGAGCCAGTT	('GCCTCCTCCC', 3)
165	NCIH1437	chr5	3323615	3324307	GTTGTGTGCGTGGTGTGTGATGCAGGTGGTGTGTGATGTGTGGCGTGTGGTATGAGTTGTGTGGTATCTGTGGTGTGTGATGTGTGTGTTGTGTGTGTGGTGTGTGATGCAGGTGGTGTGTGATGTGTGGCGTGTGGTATGAGTTGTGTGGTGTCTGTAGTGTGTGATGTGTGTGTGGTGTATTGTGTATGTGGTGTGTGATGTGTGGCGTGTGGTATGAGTTGTGTGGTATCTGTGGTGTGTGATGTGTGTGTTGTGTGGTATCTGTGGTGTGAGATGCACGTGGTGTGTGATGTGTGGCATGTGGTATGAGTTGTGTGGTATCTGTGGTGTGTGATGTGTGTGTTGTGTGGTATCTGTGGTGTGTGATGCACTTGGTGTGTGGGGTGTGGCGTGTGGTATGAGTTGTGTGGAATCTGTGGTGTGTCATGTGTGTGTGGTGTATTGTGTATGTGGTGTGTGATGTGTGGCGTGTGGTATGAGTTGTGTGGTGTCTGTGGTGTGTGATGTGTGTGTGGTGTATTGTGTATGTGGTGTGTGATGTGTGGCGTGTGGTATGAGTTGTGTGGTGTCTGTGGTGTGTGATATGCGGTGTATTGTGTATGTGGTGTGTGATGTGTGGCGTGTGGTAGGAGTTGTGTGGTATCTGTGGTGTGTGATGTGTGTGTTGTGTGTGTGGTGTGTGATGCACTT	('TGTGGTGTGTGATGTGT', 4)
196	NCIH2170	chr14	36864513	36865107	CTTAGAAATTACAAAAAGACATTTCAGTTAAATGAAACAAATGCCAGAGAAACCCTATTATGGTCATGCACCTTCAAAAGCAAAGTTGAAGTTGCACTCACAATATATTTGGGGATCCTGTAACCATTCCACACCATTATATGTTGCCATGGATTGATTTAGCTACATGACAAAATCCCAATTAAAATACAGTTTATAAAACTATGGTTCTACTCCTTGTTTGTTTTACTTCAGAAACATTCTATCCATGGTTAGAAAGAAGCCATGACAGTGGTCTAGTCCTGAATTTCTATCCATGGTGAGAAATCAGGCATAACCATGTTCTAACCCTGAATGTGATCTTAATGTTTTATACCACGGGCAAATCATTAACATATGGAAATAACCTTCCCAGCTGCTCTGTTATTTATTTATTTTTGAATCCTATAGGTTCTACTGCCTCTTGTCTATACCCCATCCTCACCTTTTCCTTGTATTCTCTCCCCATTTTAAAAAGATTCCTTTCTTTTCTTTCTTTCTTTTTTTTTTTTAAAAGATCTATTGGGGAAAAGAGACTTCATTCCGTGTTTCCACCCTGCTGTTCCGTTGGCCCAAC	('TCTATCCATGGT', 2)
205	RERFGC1B	chr10	63727495	63728043	AAAGGTCCAGGGAAATAAAACGTTGGTTCTTTGAAGGGATAAACAAGAGTGATAGACTGCTAGCTAGATTAACAAAGAAAAACAGAGAGAAGATCCAGATAAGCACAATCAGAAATGACAAAGATCACATTATAACAGATCCCACAGAAGTACAAAAGATAATCAGAGACAATTGCGAACATCTCTAGGCACACAAATTAGAAAATCTAGAGGGAATAGATAAATTCCTGGAAATATGCAACTTCCCCAGATTGAACGAGGAAGAAACAGAAATCCTGAACAGACCAATACTGAGTTCTGAAATAGAATCGTAATAAAAAAACCTACCAGCCAAAAAAAAAGCCTGGAACCAGATGGATTCACAGCCGAACTCTATCAGCTGTACAAAGTAGAGCTGATCTCAATCCTACTGAAACTATTCCAAAACATCAAGGAGAGACTTCTCCCTAATTCATTCCACAAAGCCAGCATCATCATCAGATTTTTGTATCACAAAATGATTTTGATACAATTTTGATACAAAATCATTTTGTGATACAAAAATGTCAC	('ATTTTGATACA', 2)
239	HCC1954	chr8	129868794	129869596	AAACAGACTTTAGAGAAAACACTATTATTATTTTATTGTAGAAAGCCTTCCCACACACAGAAGCAGAATAATTCTCCCAATGGGAAGTACTGCAATTAAAAAAAAAAAAAAAAAAAACCCGGGCTGGGCACAGTGGCTCATACCTATAATCCTAGCACTTTGGGAGGCTGAGGCGGGAGGACTGCTTGAGGCCAAGAGTTCAAGACCAACTTGGCCAACAGAGCGAAACCCCATTAAAAAAAAGCCTAAGAGTTCTATATTTAAAAAAAAAAAAAAAGAAGAAAAAAAAATAAAGAAGAAAGAAAAAAAGGCTGGGCGCGGTGGTTCACGCCTGTAATCCCAGCACTTTGGGAGGCGGAGGTGGGTGGATCACATGAGGTCAGGAGTTTGAGACCAGCCTGGCCAACATGGTGAAAGCCCATCTCTACTAAAAATACAAAAATTAGCTGGGCATGGTGGTGCATGCCTGTAATCCCAGCTACTCGGGAGGCTGAGGCAGAATTGCTTGAACCTGGGAGGTGGAGGTTGCTGAGCCGAGATTGTGCCACTGCACTCCAGCCTGGGTGACAAGAGTAAAACTCTGCCTCAAAAAAAAAAAAAAAAAAAAAAATCAAACAGGTAATGAATAGTGTTTGTCTCTATAGCGAGTAAGATTTTTCTCTTCATAACAACAAGCTTTAAAGAAGTTTAATGACCTAACACTTATAAACAATTTAAACTAATTTGTAGCACTGATAACCATCATAAAAAATTTTACCAATTAATTAAGATCCTACTAAATCATTTAAATCTTTCACTTCCAC	('AAAAAAAAAAAAAAA', 3)
241	HCC1954	chr12	40489818	40490437	TGGATCATCAGCTGGGGTGACAGAGATAACTGGACTATCAGCTGGAGTGACAGGGACAACTGGACCATCAGCTGGTGTGACAGGGTCAACTGTACTATCAGCTGGGGTGACAGCGACAACTGGACAATCTGTTGGAGTAACAGGGACAACTGGACCATCAGCTGGTGTGACAGGGACAACTGGACTATCAGCTGGGGTGACAGGGATAGCTGGACTCTCAGCTGGGGTGACAGGGATAACTGGACCATCAGCTGGAGTGACAGGGACAACTACAGTATCAGCCGGAGTAACAGGGACAACTGGACTATCAGCTGAAGCAACAGAGATAACTGGACTATCAGCTGGGGTGACAGGGACAACTGGACTATCAGCTGGGGTGACAGGGATAGCTGGACTCTCAGCTGGGGTGACAGAGACAATTGGATCATCAGCTGGGGTGACAGGTACAAATGGACTATCAGCTGAAGCAACAGGGAAAACTGGACCATCAGCTGGAGTGACAGGGACAACTGGACTATCAGCTGGAGTGACAGGGACAACTGGACTATCTGCTGGGGTGACAGAGACAATTGGACTATCAGCTGGTGTGACAGGGACTATTGGATCATCAGCTGGAGTGA	('GCTGGGGTGA', 9)
248	TE1	chr11	97697444	97697897	CTTTACATACATCATATGTTTATTATGTTTATTGTTTGCCTCCCTCCATTAGAATATATGATTCACATAAAGAGGTATTTTTGTATTAAGAATCTTTCTTTCTTTCTTTCTCTTTCTTTCTTTTCTTCCTACTTTCCTTCTCTTCTCTTCTCTTCTCTTCCTGACAGAGTCTCGCTCTGTCACCCAATCTGGAGTGCAGTGGCGCAATCTCCACTCACTGCAACCTCCGTCACCTAGGCTCAAGCAATTCTCGTGCCTCAGCTTCCCGAGTAGCTGGGATTAAAGGCATGCACCACCATGCCCAGCTAATTTTTGTGTTTTTAGTAGAGATGAGGCTTCACCATGTTGGCCTAGCTGGTCTCAAACTCCTGGCCTCAAGTGATCCACCCCACTTCAGCCTCCCAGAGTGTTGGGATTATAGGCGTGAGCCACTGCACCCGACAGAGAATGTTAT	('TCTTTCTTTC', 2)
277	SNU475	chr11	70705733	70706462	GTGCATCATATAGCAAGGGCTCAGCAATGTTTGTAGTGCTCCACATACATGGAGGCTAGCAGTTACTACCACTCTAGTCTGAACCACCATGATCTTGCACCTGGACTGTTGCAGCAGCCTCCTGCCTCCTTGCTTCCATGCTTGCCCTTCCCTTTACTGATACACATTCTATAGAGACAATAGAATGAGCTTTTAAAAAATGTAAATCAGGTGATTTTCAACTCTGCTGCTTAACGTTTTCCAACAGCTTCCCAATGCAACCAGAGTCACGTTCAAGCTGCCTTCTATGGCACAAGCCAGACACCACGTGGCCCTGCCTGCTCCCTGGCTCATCTCCCACCGCTCACCACGTGGCCCTGCCTGCTCCCTGGCTCATCTCCCACCGCTCTCCCCTCCTCGGTCCCCCCAGCCGTGTTAGCCTCCTCTTTGTCTCTTGAACAAGTCGAGCTCATTCACACCTCAGGGCCTTTGTGTGTGCTTAACTCTGCCTGGAACATTCCTTCCCCAGCTCACATTTCACTGCAATGCTAGCTCTCCAGATCCTACAACACAGCCTGGTGCATAGCGGGCACTCAGTAACTCTGGAGAAAGTGAGCGAATGGGTCAAAGCCACACACCCTTGGACCCTTTGCTCATATTCCACCGTTGGCCACGTCATCTCCTTGGGTCTGAATGGGGCAAGTTGGAGATACAGGAAGCTGGATGATTACAGCTCCAGCTGGGGATTGCC	('CACCACGTGGCCCTGCCTGCTCCCTGGCTCATCTCCCACCGCT', 2)
282	SNU475	chr12	9405842	9406259	GAGCCAGCCCCTCTTCCCCCCCAGGCTCTTGGGACCCCCATCGCAGGGGGGGAGGCACCCCCCGCGAGGCGGGGACTGAGAGACAGCCCCTCTTCCCCCTCCGGCTCTTAGGTCCCCTAACGCGGGGGGGAGGGAAGCACCCCCCACGGGGCGGGGACTGAGAGCCAGCGCCTTTCCCCCCCGGGCTATTAGGACCCCCCATCGCAGGAGGGGGAGACACACCCCAGGAGGCCGGGACTGAGAGCCAGCCCCTCTCCCCTCGCTGGCTATTAAGACACCCATCGCAGGGGGTGAGGCACCCCCTACGAGGCTGGGACTGAGAGCCAGCCCCTCTTTCAACCTGGCTCTTAGGACCCCCATGGCAGGAGGGGAGGCATCCCCCACGAGGCGGGGACTGAGAGCCAGCCCCTCTTCCCCC	('GGGACTGAGAGCC', 2)
283	SNU475	chr12	9406109	9406259	TATTAAGACACCCATCGCAGGGGGTGAGGCACCCCCTACGAGGCTGGGACTGAGAGCCAGCCCCTCTTTCAACCTGGCTCTTAGGACCCCCATGGCAGGAGGGGAGGCATCCCCCACGAGGCGGGGACTGAGAGCCAGCCCCTCTTCCCCC	('AGAGCCAGCCCCT', 2)
289	NCIH82	chr14	62411256	62412126	GACCTTGAGAAGGCAATACATCCGGCCCCTCCCTCACTCACATTCTGTGTCCTACATTTGATCTTAAAGTTGTATACCTGCTATGTCAATCAAAAACTATTTAAATGATTTAGTAATAAGAGCATTTGAAAACCCTACTTGCTATCTCTTTGACCTTTTTTCTCTTCTCTTCTGCCAATCACAAATTTGCTTCTATCTGTATGTAGAAAGAGTCCAAAATAAAGCAACCCTAATTTAAATTTCATGGAGAAGACTGGGGATCCACAAACAGTGCTTTTTTTGGTAACAGTATACCTAGTGGCGTGTACTAAAATTTCATTCTCAGAAAAATATTGATAGATATTATATGCAGATAAAATAAAACGATTGCTTTTCACTGACTACTTTGTTGGAGAAAATAGGTAAAAATGACAAAACAAATATGCAGTAAGGTAGGGGGTAAAAAAGAGAACAAGAGTAGAAACTACACATTGCAATTCTTAATATGTAACAGGATAGAGTGATTATTTTTTAAAAGTCCCTGCATACTGGGTAGAGTATTCATTTACCACAAGCAGGTTGTCATGTGATTTAGAACAGTGAACTTGCCCAAGAATTCCCATGATCTCTTTCCATATGATAGACGGACTAGAAGCTGAAGATCAGAGTGTGAAGCTGAAGATCAGAGAAGTATGCCTTCTAAACATCAGCGGCAAGTTCCCTTTTCTCCATATCATTAAGTTCTTTCCAGGGATCAAACCCAGTAAGAAGCCTCAAGGGGACATAGGTTTTGGAAACATAGATTTGCAACTTTCCCAATTATAGAAAAGAAAGATTGAAAGGAAACATGAAAATTTCAAATTGGAATCAATGAGAGAACTAAAACTGTTTC	('GAAGCTGAAG', 2)
292	KYSE520	chr4	28915223	28915469	GTGATCTCAGCTCACTGCAGCCTCCACCTCCCAGGTTCAAGCAATTCTCCTGCCTCAGCCTCCTAAGTAGCTGGGATTACAGGTGCAGGCTACCACGCCTGGCTAATTTGTGTGTGTGTGTGTGTGTGTGTGTGTGTGTGTGTGTTTTTAGCAGAGACTGTGTTTCACCATGTTGGCCAGGCTGGTCTTAAACTCCTTACCTCGTGATCTGCTCTCCTTGGCATCCCACAGCGCTGGGATTACAGGC	('TGTGTGTGTGTG', 3)
296	EFM19	chr10	63617518	63618145	CCTTTGGAGGAGCTGGGACTACAGGTGCACAACACCATACCCGGCTAATTTTTGTATTTTTTGTAGAGAAAAGGTTTTACCATGTTGCCCAGGCTGATCTCAAACTCCTAAGCTTAAGCGAACCACCTGCCTTGACCTCCCAAAGTGCTGGCATTACAGGCATGAGCCACCAAAGCCCACCCCAGTTTTATTTTTTATCAGCATGAGCCACCAAAGCCCACCCCAGTTTTATTTTTTATCACATGCACGGAATCTATCCCGTGCCTTCTCCTAAGCCTGGAAATCCTTCTACTCTTTTTTTTTTTTTTTTTTTTTTTTTTTAAAGAGATGGAGTCTTGCTCTGTCACCCAAGCTGGAGTGCAGTGGTGCAATCTCAGCTCACTGCAACCTCCACCTCCTGGGTTCAAGCGATTCTCCTGCCTCAGCCTCCCAAGTAGCTGGGATTACAGACTCCTGCCACCACGCCCAGCTAATTTCTGTGTTTTTAGTAGAGTCGGGTGTTTCACCATGTTGGCCAGGCTGGTCTCGAACTCCTGACCTCAGGTGATCCGCCCACCTTGGCCTCCCGAAGTGCTGGGATTACAGGTGTGAGCCACTGCGCCTGGCTGTAAGTCCTTCCACTTTCTCC	('TTTTTTTTTTT', 2)
308	SW900	chr12	9405974	9406267	GGAAGCACCCCCCACGGGGCGGGGACTGAGAGCCAGCGCCTTTCCCCCCCGGGCTATTAGGACCCCCCATCGCAGGAGGGGGAGACACACCCCAGGAGGCCGGGACTGAGAGCCAGCCCCTCTCCCCTCGCTGGCTATTAAGACACCCATCGCAGGGGGTGAGGCACCCCCTACGAGGCTGGGACTGAGAGCCAGCCCCTCTTTCAACCTGGCTCTTAGGACCCCCATGGCAGGAGGGGAGGCATCCCCCACGAGGCGGGGACTGAGAGCCAGCCCCTCTTCCCCCTCTGGCTT	('GGGACTGAGAGCCAGC', 2)
312	SCLC21H	chr8	127772716	127773429	CCCAGAAGAGAACAGAGCCCATGTAAGGGTGTTCTTCCAAATTTGATGTTGATATTAAGAAATACCTAAGGACATGTTTTTTCGGTATAGGCTGCACAACACATTGCTTGGTGAAAGCTTGCTAAAACTCTCAGCAAGCCCCAAACAGAGCTGCAGTGTGTGGAGTTCTGGATCAAAGCCTGCCTGCTGAAAGTAGAAAGTACTGAGTTTCTACTAATGAGGCCCATTCAGCGTCTAGTCAAATCTTTCTCTATTCTGTGCCTGGCGAACACGGCAATTTGTTATCAACCCACAGAGTGAGCTGCAGATAAATGCTCTCTGATCCTATCTTTGGTAAAACCTGTAATTTACAGGCTATCTTAGGGGATAACTGTAATTGGAACTTTTACGTTATGTTTTACTTTCAGTTGTGATCACCCACAGCTCCATTTGCTTAGATACATCTAAAGGGCACCTGTACTTGGGTCTAGTTTTGACCTTGTACTTGGTGTGAGTGTGTGTGACTGCATGTGAGTGTGTGTTCATACATACACACATACCCTTTTGTGAAATTCGCACATATATAAATATGAAATGGGTAACTACTTTATTTGCTTTGTTTCTGTTAAGCCTAGAGAAAGCTGGTAATCCCAGAGACACTGGAAATACCATTTCCATATAGAGCCAGTAATCTCATTATTAGGTTTATACCCAAAGGATTATAAATCATTCTAC	('TGAGTGTGTG', 2)
315	NCIH1963	chr1	40558438	40558895	GTGCTGATTGGTGTGTTTACATACCTTGAGCTAGACTCAGAGTGCTGATTGGTGTGTTTACAAACCTTGAGCTAGACTCAGAGTGCTGAGTGGTGTATTTACAATCCCTTAGCTGGACATAAAGGTTCTCCAAGTCCCCACCAGATTAGCTAGATACAGAGTGCTGATTGGTGCATTTACAAACCTTAAGCTACACACAGAGTGCTGATTGGTGTATTTGCAATCCTTTAGCTAGACATAAAGGTTCTCCAAGTCCCCACTAGATTAGCTAGACACAAAGCACTGTTTGGTGCATTTACAAACCTTAAGCTAGACACAGGGTGCTGATTGGTGTGTATACAGCCCTCCAGCTAGACATAAAAGTTCTCCAAGTCCCCACTAGACTCAGGAGCCCAACTGGCTTCACCTAGTGGATCCGCCCGCCAGTCCCGTGCCCTGTGCCCGCACTCCTCAGCCCC	('GTTCTCCAAGTCCCCAC', 3)
319	CORL23	chr8	126859651	126860148	CTTGAAGTCAGGAGTTTGAGACCGGGCTGGCCAACACAGTGAAACCCCATCTCCACTAAAAATACAAACATTTGCCGGGCATGGTGGCGCATGCCTGTAGTCCCAGATACTCAAGAGGCTGAGGCATTGAACCTGGGAGCTGGAGGTTGCAGTGAGTCAAGATCGCACCATTGCACTCCAGCCTGGGCAAGAGATAGAGGCCATATCTCAAAAAAAAAAAAAAAAAAAAAGCGCGTTTAATACACTTAATCTACTGAAAATCACAGCTTAGCTTGGACTGCCTTAAATGTGCTCAGAACACTTCTATAGTTGGGCAGAAACATCAGGCAAGACAGACACGGTAAAGATTGGTGGTTTACCCCCGTGCATGGCTGATGGGAATTTACAGCTCTTGTTGTCACTCAGCACTGAGGGAGTATTGAACTGCAGGTCTCTAGCCCAGGAAAAGATCAAAATTCAAAATTTGAGATATGATTTCTACTGAATGTATGTGGTTTT	('AAAAAAAAAA', 2)
320	CORL23	chr8	127860832	127861586	AGCACTTGGTCAGGTGGCCATTTCTCTCCCTCCTACTCGGTGACCTTCTCAAGGGCAAGGGGCTCCTTGAAGAGTGTCTTTCACATTGAAACATGCACAGAATGGTGGCTTATGACCCATGGTAGAGGCGTGAACTTGGGATGCCACTGTGGACGTGTCCCCAGCCTCCCTCCTCATTGGTGTACTGATATCGTGTTGCCTTGGACCTATTACCTCACCTCTTCCTGGTGATTTCACCTCAATATCCCCTTTCTCCTATGCTTCTGTTTTTCCTTCTACCCTTCCATGTTTTTTTCTCCCAACCATTCTTCTGTATTTTATTCCACCCAGCCACCCTTTCATCTAACCAGCCTTCCACCTAGCTAGGCTTCCAACTAACTATCCTTTTTTATTGAGACAGAGTTTCAAGTGGCACAGTTGGGCCACTTGTTTCTGATGGGAGCCACTTCTCAAACAGGTCGATGACTAGGACTTTGGACAAAAGCATGGGTGCAGGCTGGGCGCCGTGGCTCACACCTGTAATCCCAGCACTTTGGGAGGCCAAGGCGGGTGGATCACCTGAGGTCAGGAGTTTGAGACCAGCCTGGCCAACATGGCAAAACCCTGCCTCTACTAAAAATTGATCAAATATAGATCACCCGTAATTATCACCCATCATTCTGACACTTAGCAATAGTCACCCTTAACATCTTGTTGTCTTGCTTTCAGATGGTTTTGTTTTTGACATGTTTTTTTTTTTAACTTATATTATGACC	('CATGTTTTTT', 2)
321	JHH7	chr11	69920177	69920497	TCCTCCTCAGGGTGAGTTCCCCCTCCTAGGGTGACCCCTCCTTCCTCAACCCGGAGTTCCCCTCCTGGGGTGAGTCCTCTCACCTCTGGGTGAGTTCCCCCTCCTCAGGGTGAGTTCCCCTCCTGAGGTGAGTCCTCCCTTCTCTGGGTGAGTTCCCCTCCTGAGGTGAGTCCTGCCTCCTCAGGGTGAGTTCCCCTCCTGGGTGAGTGCCCCCCCCTCTAGATGAGTTCCCCCTCCTCTGGGTGAGTCCCCCTCCTTAGGGTGAGTTCCCCTCCTGAGGTGAGTTTCCCTCCTGGGGTAAGCCCTCCCGCTTCTGGGTGA	('TTCCCCTCCTGAGGTGAGT', 3)
325	UACC812	chr1	155147326	155147439	ATGTATCTATAAAATATATACATATTTAAATATGTATCTATTAAATAGATACATATTTAAATATGTATCTATTAAATAGATACATATTTATGTATCTATTAAATAGATACATAT	('ATACATATTTAAATATGTATCTATTAAATAG', 2)
326	UACC812	chr1	155147326	155147443	ATGTATCTATAAAATATATACATATTTAAATATGTATCTATTAAATAGATACATATTTAAATATGTATCTATTAAATAGATACATATTTATGTATCTATTAAATAGATACATATATTA	('ATACATATTTAAATATGTATCTATTAAATAG', 2)
332	HARA	chrX	498590	499239	CCCAGGATGGAGCTGGATTCGAGCCTGCTGTGTAGACGGCCATTAGGTCCCAGTCCCAGGATGGAGCTGGAGTGGAGCCTGCTATGTAGATGGCTATTAGGTCCCAGGACGCAGGTGGATCCGAGTCTGCTGCATAGATGGCCATTAGGTCCCAGGATGGAGCTGGATTCGAGCCTGCTATGTAGATGGCTATTAGGTCTCGGGATGCAGCTACATCTGAGCCTGCTGCATAGACGGCCATTAGGTCCTGGGACAGAGCTGCATTGGACCCTGCTGTGTAGACAGCCATTAGGTCCCAGGATGTAGCTGCATCCGAGTCTGCTGCATAGATGGCCATTAGGTCCCAGTCCCAGGATGGAGCTGGATTCGAGCCTGCTGTGTAGACGGCCATTAGGTCCCAGTCCCAGGATGGAGCTGGAGTCGAGCCTGCTGTGTAGACGGCCATTAGGTCCCAGTCCCAGGATGGAGCTGGATTCGAGCCTGCTATGTAGATGGCTATTAGGTCCCGGGATGCAGCTACATCTGAGCCTGCTGCATAGACGGCCATTAAGTCCTGGGACGGAGCTGCATTGGACCCTGCTGTGTAGACAGCTATTAGGTCCCGGGATGCAGCTACATCTGAGCCTGCTGCATGGACGGCCATTAGGTCC	('CCCAGTCCCAGGATGGAG', 3)
333	HARA	chrX	554799	555596	ATATATGGGGAGGCTGCTCTGGAGAGGGGACATATGGAGAGGCTGCTCTGGAGAGGGCATGTATGGAGAGGCTGCTCTGGAGAGGGACATACGGAGAAGGTGCTCTAGAGAGGGGACGTATGGAGAAGGTGCTGTAGAGAGGGGATATATGGAGAGGCTGCTCTGGAGAGGGGACATATGGGGAGGCTGCTCTGGAGAGGGGATATATGGGGAGGCTGCTCTGGAGAGGGGATATATGGGGAGGCTGCTCTGGAGAGGGGACATATGGAGAGGCTGCTCTGGAGAGGGGACATATGGAGAGGCTGCTCTGGAGAGGGGACGTATGGGGAGGCTGCTCTGGAGAGGGGATATATGGGGAGGCTGTTCTGGAGAGGGGACGTATGGAGAGGCTGCTCTGGAGAGGGGATATATGGGGAGGCTGCTCTGGAGAGGGGACGTATGGAGAGGCTGCTCTGGAGAGGGCATGTATGGAGAGGCTGCTCTGGAGAGGGGACATATGGAGAGGCTGCTCTGGAGAGGGGATGTATGGAGAGGGGACGTATGGAGAAGCTGCTCTGGAGAGGGGACGTATGGGGAGGCTGCTCTGGAGAGGGGACATATGGAGAGGCTGCTCTGGAGAGGGGATATATGGGGAGGCTGCTCTGGAGAGGGGACATATGGAGAGGCTGCTCTGGAGAGGGCATGTATGGAGAGGCTGCTCTGGAGAGGGGACATATGGAGAGGCTGCTCTGGAGAGGGGACGTATGGGGAGGCTGCTCTGGAGAGGGGACGTATGGGGAGGCTGCTCTGGAGAGGGGA	('GAGGCTGCTCTGGAGAGGGGATATATGGG', 4)
336	EFM192A	chr1	57590615	57591302	CCACCGTGCCTAGCCCCTTAATTATTTTTTCAAAGGCCCCTTCTTCAAATACAGTCATGCTGGGGGTTAGGGCTTTACCATAGGAATTTGAGGGTGGGAAGGAACACATTGTAGTCCGTAACACACACACACACACACACACACACACACACACACACACACACACACCCCACTCACATATTCTTACCCTATGACCAACAATTTCACTTCTAGAATATGATTCAGAAAAGCAAACAGACCACAAAGGCAAAAATCTGATCCTAAAGTATACATACATCTCATCCTAGATTCTGTTTTCTAACCTGAATTTTCCATTTATGCAAAATTGGTTAATTCAGTACTGAATCAAATTCTTTAGAGATGAGAGCCAAGAATTTATTTTTTTAAATTTAACTTCTGATACATAGCCAGGTGACGGTGAAATTGCTTTGTAAATGACTGTAAAATAGGTAAGATTCTGTTGTCTGAACCTGCCATGAAAATGCCAGCGTCCCTTGAATGCAGCGACTCTCAGGGAAGGGCCGCACTGCCTAGTACGCATTCCTGAGCTGTGAAGTCAGACAGATGTGGCTGGAATTCACTCCATTCCTTATTGGCTGTGTGACCTTGGGCAAACCCTCTACCCTCTCTGATGCTCAGTCTCCATTATCTGAATAATGAGGAAAACAATACCTTTTTGCAGAGTGGT	('ACACACACACAC', 4)
337	EFM192A	chr8	88484737	88484841	AATAGAGTGATTTATATTCCTTTGGGTATATATCCAGCAATTCCTTTGGGTATATACCCATACCATTGCTGGGTATATACCCAAAGGAATATAAATCACTCTATT	('ATTCCTTTGGGT', 2)
351	EFM192A	chr12	37980266	37980739	CAGTTTTTGTTGAAATCTGTGAATGGACATTTGGTAGCTCCTTGAGGCCAAAGGCAAAGAAGGGAATATCAAATGATTAAAACTAGAAGGAAGATCTCAGAGAAACCACTTTGTGGTGTACCCATTCATCTCGCAGAGGTAAACCTTTCTTTTCATTCAGCAAGTTGGAAAACAATGTTTTTGTAGAATCTGCCAAAGGATATTTGAGAGTGCATTGAGGCCAATGGTGAGTAAGGAAATATCTTCAGAGAACAACTAGAAAGAAGCTTTCTGAGAAATTGGCTTGCAATGTGTGCAGTCAACACAGAGGTAATCATTTCTTTTGATGTAGGAGTTTGGGGCACCGTTTTTGTAGAATCTGTGGAGGGATATTAGGGAGTGCATTGAGGCCTACAGTGAAAAAGGAGATGTCTTTAGAGAAACTATAAAGAAGCTTTCTGAGAAACTGCTTTGTGATTTGTGTATTCACCTCAG	('AGTGCATTGAGGC', 2)
361	EFM192A	chr20	47895042	47896010	AGTCTGAGGGTCGTGGAGCTGCAGACCCAGGGAGGGGCAATGTTGTTGTAATTCGAGGGTCTGGCAGCTGGCAACTCGGGGAGGAGAAGTCTTGTTGGAGTTTGAGGGTCGTGGAGCTGCCAACCCAGGGAGGAGCAATTTTGTTGTAGTTCAAGGGTCCGGAAGCTGGCGACCCAGGGAGGAGAGGTCTTGTTCTATTGTGAGGGTCGTGGAGCTGCCGACCCAGGGAGGAGCAATTTTGTTGTAATTTGAGGGTCCGGAAGCTGGCGACCCAGGGAGGAGAGGTCTTGATCCGGTCTGAGGGTCGTGGAGCTACAGACCCAGGGTGGAGCAATGTTGTTGTAGTTCGAGGGTCTGGTAGCTGGCAACTTGGGGAAGACAAGTCTTGTTCGAGTTCGAGGGTCGTGGAGCTGCAGACCCAGGGAGGAGCCATTTTGTTGTAGTTCAAGGGTCCGGAAACTGGCGACCCAGGGAGGAGAGGTCTTGTTCTAGTTTCAGGGTCGTGGAGCTTCTGACCCAGGGAGGAGCATTGTTGTTTTAGTTCGAGGGTCAGGAAGCTGGCGACCCAGGGAGGAGAGGTCTTGTTCTGGTTTGAGGGTCGTGGAGCCGCAGACCCAGGGAGGAGCAATGTTGATGTAAGTTGAAGGTCCGGTAGCTGGCACCCTGGGGAGGAGAAGTCTTGTTCGAGTTTGAGGGTCGTGGAGCTGCCGACCCAGGGAGGAGCAATTTTGTTGTCGTTCGAGTGTCAGGAAGCTGGCGACTCAGGTAGGAGAAATTTTGTTCTAGTTTCAGGGTTGTGGAGCTGCAGACCCAGGGAGGAGCAAGGTTGTTGTAATTCGAGGGTCAGGAAGCTGGCGACCCAGGGAGGAGAGGTCTTGTTCTGGTCTGAGGGTCATGGACCTGCAGACCCAGGGAGGAGCAGTGTTGTTGTAGTTTGAAGGTCAGGAAGCTGGCGGCCCAGGGAGGAGA	('GCGACCCAGGGAGG', 5)
362	EFM192A	chr20	48515616	48516388	GCTCCTCCCTGGTTCGGCAGCTCCACGACCCTCAAACTAGAACAAGACCTCTCCTCCCTGGGTCTCCAGCTTCCAGACCCTCGAATTACAACAAAATTGCTCCTCCATGGGTCTGCAGCTCCACGACCCTCAAACTAGAACAAGACCTCTCCTCCCTGGGTCGCCAGCTTCCTGACCCTCGAACTGCAACAAAATTGCTCCTCCCTGGTCGGCAGCTCCACGAGCCTCAAACTCGAACAAGACTTCTCCTCCCCAGGTTGCCAGCTACCACACCCTCGAATTACAACAACATTGCTCCTCCCTGGGTCTGCAGCTCCATGACCCTCAGACCAGAACAAGACCTCTCCTCCACTGGGTCGCCAGCTTCCTGATCCTCGAATTACAACAAAATTGCTCCTCCCTGGGTCGGCAGCTCCACGACCCTCAAACTAGAACAAGACCTCTCCTCCCTGGGTCGCCAGCTTCCTGACCCTCAAATTACAACAAAATTGCTCCTCCCTGGGTCTGTGGCTCCACAACCCTCAGACCAGAACAAGATCTCTCTCCTCCCTGGGTCTCCAGCTTCTGGACCCTCAAATTACAACCAAATTGCTCCTCCCTGGGTCGGCAGCTCCACGACCCTCAAACTCGAACAAGACTTCTCCTCCCCGGGTTGCCAGCTACCGGACCCTCGAACTACAGCAACATTGCTCCTGCCTGGGTCTGCAGCTCCACGAAAATCAAACTAGAACAAGACCTCTCCTCCCTGGGTCGCCAGCTTTCTGACCCTCGAA	('CCCTCAAACTAGAA', 3)
368	NCIH2029	chr14	31944067	31944683	ATGGTTTGCAGCCAGACTGCTACGCCACGCGGTCTGGCATTTAGTCCTCAGAAATCTGATTTAGAGAACGTATACATTGCATCACAATCTAGATTTCAGAGGAAAGTTTTGGATAGAATAACCCAGACCCAAGTCTGGGTAATTTAAAGCCTGGGTGAAATGGGGCAGAAAGAGCCCAGAATATACAGGTCTGAATCTTGGCTGGGGTGATGTGGAAGACTGGAGGCGCCAGACGGCTGGCCTCCCTCCAAGTGTTTACCATGCTGGTGCCATGGGGCTGGGGCTGGGCAGTCCATGTGCTCATTCTTCCCTTCTCTTCTCCTCCTCCTCCCCCTCCATCTCTCCTCCTCCTCCTCATGTTTTCTATAGGCTAGAGAAACTCAGGAACTACTGACCCACAGGGAAGGCAAGCGGAGATATGAGACGGAGGAATCAAACGCTGCCCTGGTGGAGGACGCTGTGGGTTTACAGTGGATGATTTCCTCTGCCTATGAGATAAAAGGGCTGGCTCTGTACTTTGAACCCCAGCCTCACCCACCTCTGCCTGGGTGTGGCTCTTACTCTCTGGAAGACTTACTCAGGGGAGAGGACAGGACAGTGTGAGGCTTGAATCTCCA	('CTCCTCCTCC', 2)
370	NCIH3255	chr7	61026585	61027258	ATGATGATTTCATTAGATTCCCTTCGATGATTCCATTTGATTTTATTCAAAGATGATTCCATTTGATTCCATTCGATAATTCCATTCGATTCCATTTGATGATTCCAATGGATTCCATTTGATGATGATCCCATTCGAGTTTGTTCCATGACTCCATTCAATTCCATTTGATGATGATTCCATTCGTGTCTATTCCATGATTCCATTTCATTACATTCGATGATGATTCTATTCAATTCCTTTCCATGATGATTCCATTCGATTCCATTCAATGATGATTCCATTCGATTCCATTCAATGATGATTCCATTTGATTTCATTCGATGATTCTATTTGATTCCATTCAAAGATGATTCCCTTCTATTCCATTCAATGATTCCATTCGATTTCATTCGATGATGATTCCATTCTAATCCATTTGATGATTCCATTCCATTACATTTGATGATGACTCCATTCGAGTCCAGTCAATGACTCCATTCGATTTCATTAGATGATGATTCCACTCGAGTCCATTCGATGATTCAATGCGATTTCATTAGACAATAATTACATTCGATTCTATTCGATGATTCCTTTTGATTCCATTTGATGATGATTCCTTTCAAGCCCATTCGATGATTCTATTCAATTCTATTCAATGATGATTCCATATGAGTCCATTAGATGATTCC	('ATGATGATTCCATTC', 3)
371	NCIH3255	chr7	62301155	62301436	GGAATCATTTAATGGACACGAATGGAATCATCATCAAATGGAATTGAATGGAATCATCGAATGGACTCGAATGGAATCATCATCGAATATGATCGAAAGCAATCATCAAGTGGATTCAAATAGAATGATCAAATGGACTCGAATGGAATCATCATTGAATGAAATCAAAAGGAATCATCAAATGGACTCGAATGCAATCATCAATGAATGGAATCAAATGGAATCATCGAATGGAATCGAACTGAATCATCATCATATGTAATCGAATGGAATCATCGAATG	('CGAATGGAATC', 3)
384	NCIH2066	chr4	90710900	90711818	TGTATAAACTACTTTTGGGAAGTATGGTCATTCAGATGATACTGATTCTTCTTATCCGTGAGCATGAAAGGTTTATCTATTTCTTTGTGTCCTCTCTGATTTCTTTGAGCAGTGATTTGTAGTTCTCCTTGAAGATATCCTTCACTTCCCTTGTTAGCTGTATTCCTAGGAATTTTATTCTTTTTGTAGCAATTGTAAATGTGAATTCATTCATGATTTGGCTCCCTGCTTGCCTGTTGTTAGTATATAGGAATGCTAGTGATTTTTACACATTGATTTTGTATCCTGAGACTTTGCTGAAATTGTGTATTAGCTTAAGAAGCTTTAGTGCTGATATGGTTGGGTTTTCTAGATATAGTGTCATGTTATCTGTAAGCAAAGATAATTTGACTTCCTATAATCCTACTTGAATATGCTTTATATCTTTCTCTTGCCTGATTGTCCTGGCCAGAACTTCCAATACTGTGTTGAATAGGAGCTGTGAGAGAGGGTATCTTTGTCTTGTGCCAGTTTTCAAGAGGAATGCTTCCAGCTTTTGCCCATTTAGTATGATATTGGCTGTGGATTTGTCATATGTGGCTTTTATTATTTTGAGGTATGTTCATTCAATACTTAGTTTATTAAGAGTTTTTAAACATGAAGAGATGTTGAATTTTATTGAAGGCCTTTTCTGCACCTATTGAGATAATCATGCGGCTTTCACTTTTGTTCTGTTTATGTGTCAAATGAGAATTACTGATTTGCTTATTTTGAACCAACCATGCATCCCAGGGATGCAGCCACTTGATCATGGTGGATAAACGTTTTGATGTCCTGCTGGATTTTTTTTTTTTTGTCAGTATTTTATTGAGGATCTTTGCATTGATGTCCATCAAGGATACTGGCCTGAAGTTTTTTTGTTGTTGTATCTCTGCCAGGT	('GAATTTTATT', 2)
385	SNU16	chr8	98244213	98244503	TGAGGGGGGTGTGGGCCACAGTAATAAGGGGGATGGGCTCTGGTGATGAAGACGGTGGGCGTGGTGATGAGAGGTAGTCTGTAATGATGAGAGGGTGGGCGTGGTGATGAGGGGTAGTCTGTAATGATGAGAGGGTGGGCGTGGTGATGAGGGGTAGTCTGTAATGATGAGAGGGTGGGCGTGGTGATGAGGGGTAGTCTGCAATGATGAGGGGGTGGGCTGTGGTGATGAGGGAGGTGGGCGTGGTGATGGGGGTAGGCTGTAATGATGAGGGGGTGGGTTGTGGTGATG	('GTGGTGATGA', 4)
400	SNU16	chr11	41437269	41437833	CGTAGTTAGTTGTACAGTCTAGTCTCTCTGAAATCTTGCTATCATTTACCTTTTCCAATATTATCTCCAAACTTTCACTGCCTTCTTTTCCAACCACAAAACCTCTCTCTTGCTCATTAAGACACACACGCACACACACAAACGCGCGCGCGCGCGCACACACACACACACACACACCAGTTGCAGGAACATTCCTCTAAACCAAGGATTTAATGTGGATTTAGTGCTTCAAAGATAGGAACAGTTCATGTCTTCACAGAACCTTCAAGCTTTTTTGTACACTCATCCCCAGGCTTTTGTTGATTTTTCTAACCCTTGTTTTCCAAAATGCTTCTGCCCCATTCCAATGTCTTTGTATTTGTTAAGATTTTCCTTATTCACTCATTACATCTTTGTTCCTTCTGTTTTTGTTAACTATAAAAATCTCCTGACTTTTTTGCGCTAAAGAGTATGTTGGACCTGGGGGCAAAAGATAATTACAATATGGGCTGGGTGCCCTGGCTTACGCCTGTAATCCCAGCACTTTGGAAAGATGAGGCAGATGGGTCATCTGAGGTCAGGAGTT	('CACACACACA', 2)
413	MDAMB134VI	chr11	63761593	63762055	TTTCATTCTAGTTCTTGTACTGTCCCTACCTGGCTGTGTGATCATCTCGGTTCCTGGGCTCCAATTTACCTATCTGTGAAGGTGAGGAGGGTAGTACTAGTGATCTCCAGGGCCCTTTCCAATTCTGACAATCCTCAATTATATAAAAATGCTATAAAATCCGTGGTATAAAATCCAACTCCCAAACAGGAAGCGTCAAGGGGACTGGGCCTGAGGCACTTGAACCTTAGGCTCTGGCCTGGGGGTCAGGGATGAGAGGAGGGGCCTCCTCTTTGCCCTCTGCTTTCCCACTCCTGGGCTCTGGCCTGGGGGTCCGGAATAAGAGGGGCCTCCTCTTTGCTCTCTGCCTTTCCACCCCGAGGCAGGGGCTGGACCACGCTGCCCAGGCATCTCTTCCTCCAGACCCAACCCTCAAGTTCCACCCACTAGCCTCCCCGCCCCGGCTTTAGGACCGCGGGAACTG	('GAGGGGCCTCCTCTTT', 2)
414	MDAMB134VI	chr11	79300108	79300772	AGACTCTGTTACACTGCAGTCATGCAGTTTGTTTTCTTTTTTTAAAAAAAGTATTTTCTTTCTGACTATTCACTAAATACAATAAAAACTCACCTAACACCATCAATATGATTTTAGATATACTTCCTTTTAAGCTTTTTTGTATGAATACTCACACAGACATCCACACAATGTACATTCAGATGCTTTACAAGGTGGGATCATACCATACAAGCTAATTTTAATCTCTCTTTAATTTAGTAAAATAGCATGCTTTTAAATGGTTATGTAGATTTATAATTAATCTCCTACTGATGGACACAGCATTATTTCTAATTTTTCACTAGTGTAAATACTCTAATATCTTTGTACATATTTCTTGTAGGGTTGTTTGATTATATGCTTATACTGTATTGCTTAACATTTTAAAAAATTATAGCTGCTCCTCACCCGAGTGTATCACTTGTCATTTTACCAGCAGTACATGAGCATGCCAATTCCTCTCACTCCCATAAATATTAGGCATTAGCATACTTTAAAAAATCTCTATTGATGTGATAGGTAAATGGTACCTAATTATTTTAATCTGCCTCTCTTGAATATCAGTTAAACATCTTTCTCTCAGTTTCTTGGTCATCACACTTTTTCTTTGGGAATTGCATGTTCGTTATGCTTTACTCATTTTG	('TTTAAAAAAT', 2)
426	REC1	chr2	239719043	239719854	AGGTGACCATCCATCCAGGTGACCATCCATCCAGGTGACTATCTAGCTGGGTGACCATCTATCCAGGTGAACATCCATCCAGGTGACTGTCTAGCCAGGCGACCATCTGTCCAGGTGACTGTCCATCCAGGTGACTATCTAGCCAGGTGACCATCTATCCAGGTGAACATATATCCAGGTGACTGTCTAGCCGGGTGACCATCTATCCAGGTGACCATCCATCCAGGTGACTATCTAGCCGGGTGACCATCTATCCAGGTGAACATACATCCAGGTGACTGTCTAGCCGGGTGACTATCTATCCAGGTGACCATCCGTCCAGGTGACTGTCCATCCAGGTGGCCATCCATCCAGGTGACTATCTAGCCGGGTGACCATCTATCCAGGTGAACATCCATCCAGGTGACTGTATAGCCGGGTGACCATCTATCCATGTGACCATCCATCCAGGTGACCATCCATCCAGGTGACCATCCATCCAGATGACCATCCATCCAGGTGACTGTCTGTCAGGTGACCATCCATCCAGGTGACTGTCTAGCCAGGCTACCATCTATCCAGGTGACCATCCGTCCAGGTGACTGTCCATCCAGGTGACCATCCGTCCAGGTGACCATCCATCCAGGTGACTATCTAGCTGGGTGACCATCTATCCAGGTAAACATCCATCCAGGCGACTGTCTAGCTGGGTGACCATCTATCCAGGTGACCATCCGTCCAGGTGACTGTCCATCCAGGTGACCATCCATCCAGGTGACTATCTAGCTGGGTGACCATCTATCCAGGTGACCATCCATCCAGGTGACCATCCA	('CATCCATCCAGGTGAC', 9)
429	REC1	chr3	195788162	195788409	GACAGGAAGAGAGGTGGCGTGACCTGTGGATGCTGAGGAAGTGTCGGTGACAGGAAGAGGGGTGGTGTGACCTGTGGATACTGAGGAAGTGTCGGTGACAGGAAGAGAGGTGGCGTGACCTGTGGATGCTGAGGAAGTGTCAGTGACAGGAAGAGGGGTGGTGTCACCTGTGGATGCTGAGGAAAGGCTGGTGACAGGAAGAGGGGTGACGTGACCTGTGGATGCTGAGGAAGTGTCAGTGACAGGAA	('ACCTGTGGATGCTGAG', 4)
430	REC1	chr3	197384479	197384801	CGCATTTGGGATAGTTTACTATCTGTGGCACATTTGGAATAGTTTACTATCTTCAGCACATTTGGGATAGTTTACTATCTGTAGCACATTTTGTATAGTTTACTATCTGTAACACATTAGGGATAGTTTACTATCTGCCTTGCATTTGGGATAGTTTACTATCTGCATCACATTTGGGATAGTTTACTATCTGTAGCATATTTGGGATAGTTTACTGTCTGTAGTGCATTTGGGATAGTATACTATCTGCAGCACATTTGGGAGAGTATACTAACCATAGTGTATTTGTGATAGTTTACTATCTGCAGCACATTTGGGATACT	('GATAGTTTACTATCTG', 3)
431	REC1	chr4	40294638	40295524	TCAATCTCCATCTCCATCTCTGCCTCCATCTCCATCTCCATCTCTGCCTCCATCTCCATCTCCATCTCTGCCTCCATCTCCATCTCCATTTCTGCCTCCATCTCCATCTCTGCCTCTATCTCCATCTCCATCTGTGCCTCCATCTCCACCTCTATCTCTGCCTCCATCTCCACCTCCATCTCCATCTCCATCTCTGCCTCCATCTCCACCTCCATCTCCATCTCCATCTCTGCCTCCATCTTCATCTCCATCTCTGCCTCCATCTCCATCTCCATCTCTGCCTCCATCTCCATCTCCATTTCTGCCTCCATCTCCATCTCCATCTGTGCCTCCATCTCCATCTCTGCCTCCATTTCCATCTCCACCTCCATCTCCATCTCTGCCTCCATCTCCATCTCTGCCTCCATCTCCATCTCCACCTCCATCTCCATCTCTGCCTCCATCTCCATCTCTGCCTACATCTCCATCTCTGCCTCCATCTCCATCTCCATCTCTGCCTACATCTCCATCTCCATCTCCATCTCTACCTCCATCTCCATCTCCATCTCTGCCTCAATCTCCATCTCTGCCTCCATCTCCATCTCTGCCTCCATTTCCATCTCTGCCTCCATCTCCATCTCCATTTCTGCCTCCATCTCCATCTCCATCTGTGCCTCCATCTCCATCTCTGCCTCCATTTCCATCTCCACCTCCATCTCCATCTCTGCCTCCATCTCCATCTCCATTTCTGCCTCCATCTCCATCTCTGCTTCCATCTCCATCTCCATCTCTGCCTCCATCTCCACCTCCATCTCTGCCTACGTCTCCACCTCCATCTCTGCCTCCAGCTCCACCTCCATCTCTGCCTCCATCTCCATCTCCATCTCTGCCTCCATCTCCATCTCCGC	('CTCCATCTCCAT', 24)
436	REC1	chr6	131563658	131563820	TGGTGCATGCCTGTAGTCCCAGCTACTTGAGAGGCTGAGATGGGAGGATTGCTTGACCCTGGGAGGTTGAGTCTGCACCTGAAAGGTTGAGTCTGTACCTCCTAGGGTCAAGTGATCCTCCTATCTCAGCCTCTCAAGTAGCTGGGACTACAGGCATGCACCA	('AGGTTGAGTC', 2)
439	REC1	chr7	66728585	66729532	CTCCACCTCCACCTCTATCCCCAACTTCATTTTCACCTCCATCCTCATCATCCTCGCCTCGACTTTCAGCTCTGTCCTCACCTCCACCTTCACCTCCATCCTCATCATCCTCACCTCAACTTTCAGCTCTGTCCTCACCTCCACCTTCACCTCCATCCTCACCTCGACCCTCACCGCCATCCTCACCTCCACCCTCACCTTCACCTCCATCCTCACCTCCACCTTCACCTCCATCCTCAAGACCACCTTCACCTACACCTACACGTCTATCCTCACCTCCACCTTCAACTCCACTCTCATCTCCAAACTCACCTCCACGCTCACCTGCATCTTCACCTCCATCCAAATCTCCATCTTCACCTCCACTTTTTTTTTTTTTTTTTGAGGCAGAGTCTTGCTCTGTCACCCAGGCTGGAGTGCAGTGGCGCGATCTCGACTCACTGCAACCTCTGCCTCCTGGGTTCAACCGATTCTCCTGCCTCAGCCTCCCGAGTAGCTGGGACTACAGGTGCGTGCGACCATGCCTGGCTAATTTTTTGTATTTTTAGTAGATATGGGGTTTCACTGTGTTAGCCAGGATTGTCTCGATCTCCTGACCTCAGGATCCACCCACCTCGGCCTCCCAAAGTGCTGGGATTACAGGTGTGAGCCACCGCACCCAGCCCTGACCTCCACCATTACCACCATCCTCGCCTTCATCCTCCCCTCCATCCTCCCCTCCATTCTTCGTTCCTCATCTCCATCCTCCCCTCTGTTCTCCCTTCCTCACTTCAATCTTCCCTTCCATTCTCACTCTCTTCTCACTCACTGTCCCTCTTTCACCTCCATCCTCATCTCTGTCCTCCCGTCTATTCTCCTCTCCAACCTCACTTCTGTCCTCCCCTTCCTCCTGCTCTCCATCCTCACCTCCATCCTCACCTTCAACCTCACCTTTATCCTCACCTTCAA	('CCTCACCTCC', 4)
444	REC1	chr9	121464630	121465540	AAAACAAAACAAAACAAAAAGAATCGGAGGTAATGCATAGCAAGGGTCCTGGCACATGCCCTCAATAACTTGTAGTTCCCATCATGATCACCACTATCATGAATATTTCATCATAATTTTGAAGGCTTCCTCTAATTCTCTAAAATTCGAAGATTATTTTTTCATCCAGCCTGAAATCAAATGCTATCCTAGATGATATTCTTTCAATACGCTTTACTGACAATTCTTCTATTTACTAATTGGTTGACATGCTTGAGTTAGTTATTTTTAATCCATTTTAGCTTAGTGCTGCCTACCTGTGTAAGGTTTGTGTCCTCGGCTCACCTCAACCTATCATGTGGCCAATTCGTAAAGTGGCAAAAAAACAAAACAAACAAAAAAAAAAAAACAAAAAACAACTCCTCCCCTTGAAGTTTTTTGCAGATGTTCAAGTGGATTCTGCACATCAGAGGATGTTGTGGCCAGAGTCCAGGTGCCAGACGATTAGCCTGAAGAGCAGCCAGAACCTGCTCTGGCTACCATGCAGAGAGAGTGTGCCCAGAGAGGCTGGTATATACATGCACGTTTCAGCCTTTGGCTCAGTTATGCACATACAACTCTGGCTACAATTCCAAACACCAAAGTTATCTGATCAAGTGTTCAAACTCAGAGCTTGAAGGTTATCCAAGCAGACATTCCGACTCCAGGCAGGAACCCCAAAGGGTACTTGTTCTTCTGTTGGACTCTTCCAACTGCTAGAGCTCTTCTATTTACCAAAATCTTTCTTGTTCTGCCCTCTGGAGCAGATCATGATGATGATGACTGTTACGAAGTGAATGTTGTATCTCTTCAAAATTCGTATGTGGAGGCCCTGCCCTCAGTGCGATGATATTTGGAGGTGGGGCTTTTGGGACGTAATTAGGTTTAGATGA	('TCTTCTATTTA', 2)
445	REC1	chr10	73729250	73729519	AGGCCGAGGCGGGTGGATCACGAGGTCAGGAGATCGAGACCATCCTGGCTAACACGGTGAAACCCCGTCTCTACTAAAAATATAAAAAAAAAATTAGCTGGGCGTAGTGGCGGGCGCCTGTAGTCCCAGCTACTCGGGAGGCTGAGGCAGGAGACTGGCGTGAACCCCGGAGGCGGAGCTTGCAGCGAGCCAAGATTGCGCCACTGCATTCCAGCCTGGGCGACAGAGCGAGACTCCGTCTCAAAAAAAAAAAAAAAAAAAAAAAAAAAA	('AAAAAAAAAAAAAA', 2)
449	REC1	chr10	132821326	132822226	TGCTGATGTGTGCTGTGTGCTGATGTGTGCTGTGTGTGCTGTGTGCTGTGTGTGCACTGATGTGTGCTGTGTGTGTGCTGTGTGCTGTGTGAGCGCTGATGTGTGCTGTGTGAGTGCTGATGTGTGCTGTGTGTGCTGATGTGTGTTGTGTGTGCTGTGTGAGTGCTGATGTGTGCTGTGTGCGCTGTGTGCTGTGTGCTGATGTGTGCTGATGTGTGCTGTGTGCTGACGTGTGCTGTGTGTGCGCTGATGTGTGCTGTGTGTGTGCTGTGTGCTGTGTGTGCGCTGATGTGTGCTGTGTGTGTGCTGTGTGCTGTGTGAGTGCTGATGTGTGCTGTGTGTGCTGTGTGTGCTGATGTGTGCTGTGTGCTGATGTGTGCTGACGTGTGCTGTGTGCTGACGTGTGCTGTGTGTGCGCTGATGTGTGCTGTGTGTGTGCTGTGTGCTGTGTGAGTGCTGATGTGTGCTGTGTGTTGTGTGAGTGCTGATGTGTGCTGTCTGTGCGCTGTGTGCTGTGTGAGCGCTGATGTGTGCTGTGTGTGCTGTGTGCTGTGTGTGCAGTGATGTGTGTTGTGTGAGTGCTGATGTGTGCTGTGTGTGCGCTGATGTGTGCTGTGTGTGCGCTTGTGTGTGCTGTGTGTGCGCTGATGTGTGCTGTGTGTGCGCTTGTGTGTGCTGTGTGTGCTGATGTGTGCTGTGTGAGTGCTGATGTGTGCTGATGTGTGCTGTGTGTGCTGATGTGTGCTGTGTGTGCAGTGATGTGTGCTGTGTGAGTGCTGATGTGTGCTGTGTGTGCACTTGTGTGTGCTGTGTGTGTGCTGATGTGTGCTGTGTGCTGTGTGTGCTGATGTGTGCTGATGTGTGCACTGTGTGCTGTGTGTGTGCTGATGTGTGCTGTGTG	('GTGTGCTGTG', 10)
453	NCIH1092	chr1	39807461	39807771	CAGCTACTTGGGAGGCTGAGATGGGAGGATCGCTTGAGCCCAGGAAGCAGAGGTTGCAGTAAGCCGAGATCACGCCACTGCACTCAAGCCTGGGTGACAGAGTGAGTTCCTGTCTCAAAAAAACCTAAAAAGCCTCTCCCTCTCCCCTCTCCCCTCTGCCCTCTCCCCTCTCCCTCGTCCCTCGTCTCCCTCGTCTCCCTCATCTCCCTCGTCTCCCTCTCCCTCTCCCTCTCCCTCTCCCCGGTCTCCCTCTGATGCCACCAAAGTTGTGAAAGCCGAGGCTGGACTGTACTGCCGCCATCTCGGCTCAC	('CTCTCCCTCTCC', 2)
456	NCIH2066	chr3	195710417	195711251	TCCTGGCGAGTGAGTTAATTGACACCCGGTATGGAGGGACCTGGCTCCTGGCGAGTGATTTAATTGAGACCCGGTGTGGAGGGACTTGGCTCCTGGTGAGTGAGTGAATTGAGATGAGGTATGGAGGGACCTGTCTCCTGGTGAGTGAGTTAATTGAGATGAGGTGTGGAGGGACCTGTCTCCTGGTGAGTGAGTTAATTGAGATGAGGTGTGGAGGGACCCGGCTCCTGGTGAGTGAGTTAATTGAGACTCGGTGTGGAGGGACTTGGCTCCTGGTGAGTGAGTGAATTGAGATGAGGTATGGAGGGACCTGGCTCCTGGTGAGTGAGTGAATTGAGATGAGGTGTGGAGGGACCTGTCTCCTGGTGAGTGAGTTAATTGAGATGAGGTATGGAGGGACCTGTCTCCTGGTGAGTGAGTTAATTGAGATCAGGTATGGAGGGACTTGGCTCCTGGTGAGTGAGTTAATTGAGACTCTGTGTGGAGGGACCTGGCTCCTGGTGAGTGAGTTAATTGAGATGAGGTATGGAGGGACCTGGCTCCTGGTGAGTGAGTTAATTGAGATCAGGTATGGAGGGACCTGGCTCCTGGTGAGTGAGTTAATTGAGATGAGGTGTGGAGGGACCTGGCTCCTGGTGAGTGAGTTAATTGAGATGAGGTATGGAGGGACCTGGCTCCTGGTGAGTGAGTTAATTGAGATCAGGTATGGAGGGACCTGGCTCCTGGTGAGTGAGTTAATTGAGATGAGGTATGGAGGGACCTGGCTCCTGGTGAGTGAGTGAATTGAGATCAGGTATGGAGGGACTTGGCTCCTGGTGAGTGAGTTAATTGAGAC	('TCCTGGTGAGTGAGT', 17)
459	NCIH2066	chr5	35980742	35981186	TCTGATATTCAGAAGAAAGACAATTTTACTTTATTAAGTTCCATAAATCTTAACAATATGAAATTTACTTTACCTTTTATGACAGATAAAGATGTTGTACATTTCACTCCTCAGGGCTATGGTGAACACCACTTATAAAGAGAAAAGCCCAGTGGCTGAATTAGAAATCTGAATTGAAATCAGGGATTTCCTTATATTAGCTATTGATCTGCTCTCCTACCTAGTTACTAAAAAAAGTCAAAACTGACCTGCTGGTCAGGATGAGAATTTTCTGGTCAGGAGAAGAAAATCACTGGCCTGAGTGTTTGGAGTCAGCCCATGAAGATCACTGATGTAACTCGGGCAGTCACCCAAAAACAATGAAGACCTGTTGCTTGGAGAAAAGTATACCAGGTAGATGGTGAGGTACAGAAAACTGTCTTAAAGAAAGAAAGAAAGAAAAAGA	('CTGGTCAGGA', 2)
465	NCIH2066	chr5	41317967	41318574	GAACTTCCCAAACTTAGAGAAAGATATTAATATCCAAACACAAGAAGGCCAGGAGAGCATGACATGACATATTCAAGGTGCAGAAGGAAAAAAAACTTTTACCCTAGAGTGGGATGTCTGGCAAAAATATCCTTCAAACATGAAGGAGAAATAGACTTTCCCAGATAAACAAAAGCTGAGGGATTTCATCAATCCCAGACCCGCCCCACAAGAAATGTTAAAGGGAGTACTTCAATCAAAAAGAAAAGGACATTAATGAGCAATAAATAATCAGTAGAAGGTACAAAACTTACTGGTAATGGTAAGTACACAGAAAAACAAAGAATATTATAACACTGCCACTGTGGTATGTAAACTACTCTTATCCTTAGTAGAAAGACTAAACAATGAACCAATCAAAAATAAAAACTACAACAAAATTTCAAGGCACAGTCAGTACAATAAAATATAAGTAGAAACAACAAAATGTTTAAAAGTGGGGGGATGAAGTTAAGGCGTATTTTTATTAGTTTACTTTTTGTTTGTTTACTTATGCAAATAATGTAAAGTTGTTATCAAGTTAAAATAATGACTTATAAGATGGTATTTGCACACTTCCTGGTAACCTA	('CAATCAAAAA', 2)
466	NCIH2066	chr5	41470640	41471298	CTGCTCTTCTATTGGCTGAGTTCCTAGTAAAAATGTCTACTCTTCTATTGGCTGAGTTCCTTTAATGCTAGAAGCTAAACAGGAAAAAGACTAGAATATTATTTTCTGGGTAGTCCAAAGAACTCCTGAGAAAAAAGAAAAGAAAAAGAAAAAAATACCTTCCACCAAACAACTGGGGAGATGTCTACCTTAGTAAGCAGATACATTTGCCACCTGATCTGCCGGCAGTGAGTCCCAAGAGTTAATAAACTGCATTCCCAAGTGCACCCTATCAAAGCAAGCCAGAAATGAATAGTAGTTAAAGTGATGAAAACAAATTTTACTCAGGAACTATTGCAACTGGGGAAAAGAGACCTCAGTATAGAACTTGGCTCAATTCTAAATTTATCATAGATAACTGATGACTTATAGTCAAGGAGCAGGGCAGGGGTCAGTGTATAAAAAATTATGAAGAGGGGAGAGGGGTAGAACAAGATGGAATAATAGAAGGCTCCACTGATAGTACCCTCTGCAAGGACACCAATTTAACAACTATCTACACAAACAAAGCACCTTCATAAGAACCAAAAATCAGGTGAGCCATCACAGTAACTGGTTTTAACATCATATTGTTGAAAGAGGCACTGATAGTCTTGAATTGCCAATGCCACCTTTCCTTC	('CTCTTCTATTGGCTGAGT', 2)
469	NCIH2066	chr5	43552020	43552502	ATATTTTCAAGTTTTATTTTTCTTAGAATTCTATGGGAGATTGGGAGAAATAGAAAATGTACTTTTTCATGGTAGGTACTCTATATACATTGTCAAGAGATGAGAACCTATTACAGAACCGTGGGAATAAAAGAAAACTGATCAGACACTACAGAGAGTGAATATAGTCACGACTACTTTAGCTAGCTGGATTGAATTAAGGCAAGGGTGTGCAGGAGAGGTGAGTCAATATGCCACCAAGTTCTTAGTGTAAGCAGCTAGTTAGAAGAGATTCGCATGAGATAAATAATTCTTACACTGTGTATAGATTTTATACTTGCATTTGAATGTGAGGTCCTCAAGAAGTGGTCAAATAAATGAAAATGTATGCCTAGAGTTCACTAGAGTTCAAAGGAATAATTAGATGTCAGGGTTATTAGCACATAAATAAGTGATAGATTCTATGGAATAGGCGGGATTAGCAAAGGAGGTAATAAAATGGAA	('CTAGAGTTCA', 2)
471	NCIH2066	chr5	43812814	43813777	CAGAGATAGATTTGGTCTTTTCACATAGTCCCATATTTGTTGGAGGGTTTTTTTGTTTCTTATTACTCTTTTTTCTCTAAACTTTTCTTCTCACTTCATTTCACTCATTTGATGTTCAATCACTGATACTCTTTCTTCCAGTAGATCAAATCGGCTACTGGAGCTTGTGCATTCATCACATAGTTCTCGTGCCATGGTTTTCAGCTCCATCAGGTCATTTAAGGACTTCTCTACACTGTTTATTCTAGTTAGCCATTTGTCTAATCTTTTTTCAAGGTTTTTAGCTTTTTGTGATGGGTTCGCACTTCCTCCTTTAGCTCAGAAAAGTTTGATTGTCTGAAGCCTTCTTCTCTCAACTCGTCAAAGTCATTCTCTGTCAGCTTTGTTCTGTTACTCTTGAGGAGCTGCATTCCTTTGGAGGAGGCTAGGTGCTCAGATTTTTAGAATTTTCAGCTTTCCTGCTCGGTTTATTTTTTTCCATCTTTGTGGTTTTATCTACCTTTGGTCTTTGATGATGGTGACATACAGATGGGGTTTTAGTGTGGATGTCCTTTCTTTTTGTTAGTTTTTCTTCTAACAGTCAGGACCCTCAGCTGCAGGTCTGTTGGAGTTTGCTGGAGGTCCACTCCAGACCCTGTTTGCCTGGGTATCGGCAGTGGAGGCTGCAGAACCATGAATATTGCTGAACAGCAAATGTTGCTGCCTGATCGTTCCTCTGGAAGCTCTGTCTCAGAGGGTTACCTGGCCATGTGAGGTGTCTGTCTGCCCCTACTGGGGGGGTGCCTCCCAGTTAGGCTACTCAGGGGTCAGGGACCCACTTGAGGAGGCAGTCTGTCTATTCTCAGATCTCAAACTCTGTGCTCGGAGAACCACTACTGTCTTCAAAGCAGTCAGATAGGGACATTTAAGTCTGCAGAGGTTTCTGCTGCCTTTTGTTCAGCTATGCCCTGCCCCCAGAGGTGGA	('TTTGGTCTTT', 2)
472	NCIH2066	chr5	44131487	44131992	GCCTCAGCAAGCTGTTACTCATGGCAGAAGGCAAAGTGGGAGCAAGCACTTCACACGATGAAAGCAGGAACAAGAGAGGGCAGGGAGGTGCTACACACTTTTAAGTGACCAAATCTAATGAGAACTCACTCACTATCATGATGACAGTACAAAGGGGATGGTGCTAAACCATTCATGAAAAATCTGTCCCCATGATCAAATCACCTCCCACTAGGCCCTACCACTAACTTTGGGGATTACATTTCAACATATGATTCCAGCGAGACATCCAAACCATATCAATGTGCATAAACACGAGACATCCCTGGAGAATTGTCTCCCAGTGGAAAGTCCTTGGACACTCAATTAGACCCATGGAGAATCTTCTCCTAATAGAAAAGTCCTTGGGAATTATCTATTTCAAATATTGTGTGTTATGTCTACTGAAATCTTTGAGCTTACTCTTGATTAAGTTCAAGTTGTCTGACTCTTGGTCCAGTGACAGTTGAGGACAATATGTTTATTCA	('AAAGTCCTTG', 2)
475	NCIH2066	chr14	30134984	30135596	GTTTAATTGGAATCTAAAAACAGCAAGGGACAAAAGCTCAGTTCATTAGGGACCAACTAACTGTAAAGGGCAGATAAAAACCTTTTGTCTAATACAGATGTACCTCCGGAGCACCATCGGAGAGCACCAGGCAGTGCAGTAATCAGTAATAAGAGGTGTTCTCATTATTAAGCTTATAAAGCATAAACCAGGTCACCACAAGCTTTGAAGATACTGATCATCAATTATTTCGCTAATTGTTTGTTCTGTTTGCATGTCTCAGGGTAAAAGGAAAAAGTCACTGAAGCGAAAAAGAGACACCAATAATTGCTACCTCAGTGACAGTTGGTTTTTAATATCTCATTATTTATGATTTGTTTTGTTGTGCATATGTGACTTTAAGTCTACTGTATTAATGTATACCCAAGAAGCCTACTGTGTAACACTTCTGAAAGAATTACACAAATTAATCAGCAAACCTAGGCATAGAATCTGCCCCGCAAAGTCCTGAAAGACTGTTATTACGTGTGTGTGTGTGTGTGTGTGTGTGTGTGTGTGTGTGTGTGTGCATGGGCGTGTGTATGAATTCAAGAGTCTTCACTTATGGTGTTGAACTTCTTGCTGTCAAGGAAGT	('GTGTGTGTGTGTGT', 3)
477	THP1	chr2	241579699	241579979	CTGGAAACAACCCAAGGCCCAGCATGAGGGGATCTGCTGGCTAACTCACGGTGAGCTAATCCACGGCGAGCTAACCCACGGCGAGCTAACCCACGGCGAGCTAACCCACCGCCAGCTAACCCACGGCGAGCTAACCCACGGCGAGCTAACCCACGGCCAGCTAACCCACGGCGAGCTAACCCACGGCCAGCTAACCCACGGCCAGCTAACCCACGGCCAGCTTACCCACGGCCAGCTAACCCACGGCCAGCTAACCCACGGCGAGCTAACCCACGGCCAGC	('CCACGGCGAGCTAAC', 7)
484	KARPAS299	chr1	152388219	152388436	CTGCATGCCTCCTGACATTGAAGGCAACTCCATCTGCCTTCAATGTCCTTTTTCTCTTCTCTTTCTCCTATTAGACTCAATTAGTTCAGATACTATTATTTCAAATATTCCTTGTCTTGAAGGAGTGTGTACATACATTGACTGAAAATGTCTCCTGACATTTTCTTGCTGTGTGCAAAACTTTCCATCTCTGGTTCATGGCTAATCCTTCATGTTCT	('CTCCTGACATT', 2)
486	KARPAS299	chr10	20734664	20735289	AAAAAAGAAGAAAGAATGAAATATAAATCATTCCTCTGTAATGGTTCACACTCAAAGGTCTACAATAAAATAATATAGAAAGCCATGTAGAGACACAGAAGAGTCCAAGAAAGTTTCAAACTAGGCTGGATGCAGTGGCTCACAGCTGTAATCCTAGCACTTTGGGAGGCCGAGATGGGTGGATTGCCTGAGCTCAGGAGTTCAGCACAAGCCTGGGCAACATGGTGAAACCCAGTCTCTACCACACACACCCACACACACACACCCAAAAAAAAAACTGGCGTGGAGTGGTGGTGGGCACCTGTAATCCCAGCTACTCGGGAGGCTAAGGCACGAGAATTTCTTGAACCCAGGAGGTGGAAGTTGGAGTGAGCCGAGATCGTGCCACTGTGCTCACACAGCCTGGGTGACAAAACAAAACTCTGTCTCAAAAAAAAAAAAAGTTTCAAAGTAAATGACAACAGAGGTCATTGGAGGATTGAAATACATGCTGTTGCGTCTCTCATGAAGAAATGTAAAACAAACAAACCTGTATTCCCCAGGGTTGAGAGTCTCAAGAGGGGAAAAAAATGACCTCAAGTTGGGTATTTTGAAAATATAATGTAGGGACAATTTAGAAAGCATGG	('AAAGTTTCAAA', 2)
490	KARPAS299	chr10	20830559	20831122	TTTTACCTAACACTAAACTTCACTTTATACCTTGTGCAGCTTTAGCCACTGTTAGCTTTATTTGGAACTATTTTAATATTAATATTCATTATGAAATGGTTAAAAGACAAAACGTTTGTAATTTATTTTTCTGTAGTATTAGCAAAAGCATTTGAGCCAAGTGTCCAATAGGGTCAAAAAAAAAAAAAGAAAGAAAGAAAAGGTTAAAATATCCTTGGGCTGGGCACAATGGCTCATGCCCACTGAGGCAGGAAGATAAGCTTGAGCCCAGGAGTTTGAGGCTGCAGCAAGCTATGATGGTGCCACTGCATTCCAGCCTGGGTGAAAGAGTGAGACCTCCATCTCTAAAATTTAAAAAAAAAAAAAAAAAAAAAAAGGTTTAATGTCCTTGGACTCAAAACAAGGAGCCCCGACAGAGAGGCTGTAGCTCTCCATAATGTCTGTTGCATTGAATCTATGACTGTTGTCCTATTAATTAGTACGGTTAATCAAGTTTGGCCAATGGTTTCTTAGTGAAAGAGTACACTAGCTCTGAATGCAATGCCCTCAGAAAGATATCATTCA	('AAAAAAAAAAA', 3)
499	KARPAS299	chr10	22645147	22645611	TGAAGCAACTCATTTTGAAAACGCAATTTTTTTAAATGGGTGACGATGACAAAAAAATATTAATGCTCACGTATAACACCACTAGTGTGTCTGGTTAGTTATTAAAAATGAATTAGGGCCAGCCACGATGGCTCACGCCCATAATCCCAGCACTTTGGGAGGCTGAGGTGAGGGGATTACCTGAGCCCAGGAGTTTCAGACCAGCTTGAGCAACATAGTGAGACCCTGTCTCTACAAAACATTTTAAAAATTAGCCAGCCATGGTGGCAGGACCTGTAGTCCCAGCTACTCGGGAGGCTGAGATGGAAGCATCACTTGAGCCTGGGAGTTTCAGGTTGCAATGAGATACGATTGCACCACTGTGCTCCAGTTCTGGGTAACAGAGAAAGATTCTATTTCTTTAAAAAAAAAAAAAAAAGAAAAGAAAAGAAAAGAAAGAAAAAGATTAGTTTTGAAGGAATGAAA	('AAAAGAAAAG', 2)
507	NCIH510	chr1	1651773	1652258	TAACACACGCACGCTTTCAGCTAGAGTTTGCTCTCTCTGGTTTTTGGTCTGTGACACACGCATGCTTTTAGCTAGAGTTTGCTCTGTATAGCCCTTCTGAATGGTCTGTGACACATGCATGCTTTCAGCTAGAGTTTGCTCTCTCTGGTTTTTAGTCTGTGACACACACATGCTTTTAGCTAGAGTTTGCTCTGTATAGCCCTTCTGAATGGTCTGTGACACACGCGTGCTTTCAGCTAGAGTTTGCTCTCTCTGGTTTTTGGTCTGTGACACACGCATGCTTTTAGTTAGTTTGCTCTCATAGCCCTTCTGAACGGTCTGTGACACATGCATGCTTTCAGCTATTCTCTCTATAGCCATTCTGAATGGTCTGTGACACACGCACGCTTTCAGCTAGAGTTTGCTCTTTCTGGTTTTCGGTCTGTGACACACGCATGCTTTCAGCTAGAGTTTGCTCTCTCTGGTTTTCGGTCTGTGACGCACGCA	('AGCTAGAGTTTGCTCTCT', 3)
508	NCIH510	chr1	8645862	8646397	TGAATAACTTCCTAATATACATGAAAAGGCAATCAACTAAAAGATGAAATAAAATTTCAAAAGAAACAGAAGAAATTAAAAGTTAACTAATGTAATCCATAACTAAAAGTTCACTATAATGTGACTGAAAATAAGAACTACATTTTCCCAACTGTTCCAAAGACATACAACTAAGAGAACTGAGGAGATGTCACTCAAATGTGAAACACCTGAACCTGAGTCTACCTAACAACAAAGCTCTCAAATGTGAAACACCTGAACCTGAGTCTACCTAACAACAAAGCTCTTCCTGCCTGTTACAGGATGAGTTTGTCCTTCCCAAAATTCGTATGTTGAAGTCTTTACTCCCAATAGCTCAGAATGTGACCTTATTAAAGAACAGGTAAGGCCAGGCACAGTGGCTCATGCCCGTAATCTCAACACTTTGAGATGCTGAGGCAAGACTCCTGGCTTGAGTCCAGGAGTTCAAGACCAGCCTAGACAACAAAACAAGATCCCTTCTCTAAAAAAAAATTAGAAACTAGCTGGGCACAGTG	('CTCAAATGTGAAACACCTGAACCTGAGTCTACCTAACAACAAAGCT', 2)
512	NCIH510	chr1	33724626	33725357	CGTAGAAGTCATTCCCATGACGCTGTCCATTTACTGGGATTCCTGGATCCAGACAGTGGTCTGACTGCAGTGTTATAGCTGAAAGAGAGAGGCCACAGCTGGGACAGACAGCTTACTGTCACTACAGAGGGACCCCAGTTGACTCCAAAGAGTAAGAAGAGAGCCCTGGTTTATTAAAGGCAGAAGTTGCCAATTACTGACTCATGAAATGTGGCCGTCAGAATTTGCTGAGAGTGGCTTAGGTGCTATGCTAAGGCTTAGGAGTAAGAAAATGACCTTGTCCTCATGGTGCTCGCAGCTCCAGCTTTCTATGTTGGTCTACAGAGAACTGAAGTGACAATGATCCTTTAAATCGAGGGGATGAATGTGGGAGGTGATGAGGAAGGACAAGTGTGGGTGTGAGATGCCATCTTGGGTTAACTTCATGGTCAGTCAAATGTTCTGATCCCAGAGTGCCCAGCGTGGCGGCACCCAATCACCTGCCAGGAGGTCTGCACGCAAGGGCCTAGCGTGAAGGTTGTGAACAACTCTAAGCTCCCATGACCTGAGGGATGCTGAGAGCAACAGAGTGCCTTCCCCAGGGCCTTCTGAAGGGCACAGCCTAGCCAAGAACACCATGGGGATGGGGCCAAGCAGGGGCCTGTGGTGGAGCACAGTCCTGAGGCCTTTGACCCACCTGGGCTGACCTTGTCATCCCTTTTCCTGAGCCCACTGAGACTCACTCTCATAGCG	('TGACCTTGTC', 2)
514	NCIH510	chr1	35714252	35714810	AGCCTGCCAATCCCTGTTTGAAGGGCCATGCAGTGAAAGAAGGGGTTAAAATTCAGCATCCTAAGCATCTCCAGAGGCTTAGGCTGACACTGTCCCCTTCACATCCCAGAAAGCCAACCTCTGGCTCCTCCTGACAGTCCGACTTCAGAGAAATGAACCAAACCAATTCAACATCCAATGCTGCTAAAGCCAGAGAGGCACAGCAAGGTAGAGGCAGAGACAGGGAAGCGATATTTTCCTCATCGGCCTTGGAACATCTTGTCTGTTACTTGCAAGCTTATAAACATACATTGCTTTTCATCAGAAGCTTAAATGAACACGGTTTGCAACAGCTCCTTTTCCAATGGAGAGATGGTTTGTTTGGGAACTGGTATTTTAGAATTCCCATTCTCCTATTCTTCACAGGGTTCCACTGTTATCATCTTTCCTGTCCCCATCTCCCATGTGCCCAAAGGCAGAGTTCAAGAGGGACAGTCCCCTATGTCCTCTGTCCCCATCCCCACCATCATCTTCATCACTACTCCTGGTTCCCTTTCCTGATACCAGTTCTCCACACACT	('CTGTCCCCAT', 2)
516	NCIH510	chr1	36959888	36960094	TCTGTGCCCCATGAGCCTGTGTGCCCTGTGAGCCTGTGTGCCCCATGACTCTGTGCCCTGTGAGCCTGTGTGCCCTGTGAGTCTATGCCCCATGAGCCTCTGTGCCCCGTGAGTCTGTGTGCCCCATAAGTCTGTGTGCCCCGCGAGTCTGTGTGCCCTGTGAGCCTGTGTGCCCTGTGAGCCATGTGCCCCATGACTCTGTGCCCC	('TGTGCCCTGTGAGCCTGTGTGCCCT', 2)
531	NCIH510	chr1	39158959	39159683	GGGCCGGGCATGAACGCTTACAAGTATCAGAAGTTCCTGGAGGGACTCAACAACCTTAGAGGTATTACAAGGCTTCAGGCTCCCTACCCTTTGTCCTTGCTGATCGTGTGAGCACTTATTATGGTGTGTATTGTATAGGGTCTGTAAAACCCTCCTGCTCTGAGCTGGCCCTATTTTTTATGCGTTTAGGCAATTAAACAGAAGGGATAGAGTTTGTAAATGCAATCCTAAGTGAGTAGGAGAGAATCTCCTTAGGTACTTCAGCAACAGCCTGTTGTCTTGCTTGAACGGACAAGTAAGAAATGTCCCCTGTATTCTTGAGCTCAGAGGGCTCAGGGCACTCCCTGTTTTCTTTGAGGTGGCCAGACAGTGTGGGTGGAGGGCTCTTGCCATAGGGCCCTGCAGCCTCACCTAGGTGTAGTTATGTTTCTTGGGCCAGGTTTTCCAGTTGCTTGTGTCTACAGTGAGTCAGAGTCCCATTTGGAGAGAACTGGAGTTGGGAGTGGGGAGGAGGGTGGAGGGAGGAATGCAGGTTGATGGGCTATTTGTAAGCCCATTGTAAAGTAAGCCTTTGTAAAGAGTAAAACAATGACTTTGAAAGAGGAAGCTTTTTATTAAAGTTTTAAAGGAAATAGTGTTTTCTTTGCATCATGGGCAAATTCTTCACTGACCAGACATGAGAAGAATGTACTCAGATGTGATGTAGGACTCTTTTTGGATATTAA	('TGTTTTCTTT', 2)
624	UACC812	chrX	89204167	89204926	AGGTGTCGTGAAATACCAACGTATATCTTATATTCGTAGGTGTCGTGAAATTCCGTCGTATATGTTATATTCGTCGGTGTCGTAAAATACCGACGTATATGTTATATTCGTCGGTGTCGTAAAATAAGGACGTATATGTTACATTCGTTGCTGTCATAAAATACCGACGTATATGTTACATTCGTCGTTGTCGTGAAATACCGACGTATACCTTATATTAGTCGGTGTCGTGAAATACCGACGTATATATTATATTCGTAGGTGTCATAAAATAACGTCATATATATTATATTTGTAGGTGTCGTAAAATACCGACGTATATAGTATAGGTGTCGTGAAATACCGACGTATATATTATATTCCTGGTGTCGTAAAATAACGACATATATAATATATTTCTACGTGTCGTAAAATACCGACGTATATAGTATAGGTGTCATGAAATACCGAAATATGTATTATATTCGTAGGTGTGAAATTCCCTCGTATATGTTGTATTCGTCGGTGTCGTAAAATACCGACGTATATGTTTTATTCGTCGGTGTCGTAAAATACCAACAGATATCTTAGATTCGTCGGTGTCATAAAATAAGGACGTATATGTTACATTCGTCGGTGTCGTAAAATACCGACGTATATGTTACATTCGTCGTTGTCGTGAAATACCGACGTATACCTTATATTAGTCGGTGTCGTGAAATACCGGCGTATATATTATATTCGTAGGTGTCGTAAAATAACGACATATATATTATATTTG	('TGTCGTGAAATACCG', 3)
625	UACC812	chrX	89204167	89205165	AGGTGTCGTGAAATACCAACGTATATCTTATATTCGTAGGTGTCGTGAAATTCCGTCGTATATGTTATATTCGTCGGTGTCGTAAAATACCGACGTATATGTTATATTCGTCGGTGTCGTAAAATAAGGACGTATATGTTACATTCGTTGCTGTCATAAAATACCGACGTATATGTTACATTCGTCGTTGTCGTGAAATACCGACGTATACCTTATATTAGTCGGTGTCGTGAAATACCGACGTATATATTATATTCGTAGGTGTCATAAAATAACGTCATATATATTATATTTGTAGGTGTCGTAAAATACCGACGTATATAGTATAGGTGTCGTGAAATACCGACGTATATATTATATTCCTGGTGTCGTAAAATAACGACATATATAATATATTTCTACGTGTCGTAAAATACCGACGTATATAGTATAGGTGTCATGAAATACCGAAATATGTATTATATTCGTAGGTGTGAAATTCCCTCGTATATGTTGTATTCGTCGGTGTCGTAAAATACCGACGTATATGTTTTATTCGTCGGTGTCGTAAAATACCAACAGATATCTTAGATTCGTCGGTGTCATAAAATAAGGACGTATATGTTACATTCGTCGGTGTCGTAAAATACCGACGTATATGTTACATTCGTCGTTGTCGTGAAATACCGACGTATACCTTATATTAGTCGGTGTCGTGAAATACCGGCGTATATATTATATTCGTAGGTGTCGTAAAATAACGACATATATATTATATTTGTAGGTGTCGTAAAATACCGACGTATATAGTATAGGTGTCGTGAAATACCGACGCATATATTATATTCGTAGGTGTCGTGAAATACCAACGTATATCTTATATTCATAGGTGTCGTGAAATTCCGTCGTATATGTTATATTCGTAGGTGCCGTAAAATACCGACGTATCTGTTATATTCTTCCGTGTCGTAAAATACCGACGTATCTGTTATAATCGCCGGTGTCGTAAAATACCGACGT	('TGTCGTGAAATACCG', 4)
626	UACC812	chrX	89204754	89205694	AATAAGGACGTATATGTTACATTCGTCGGTGTCGTAAAATACCGACGTATATGTTACATTCGTCGTTGTCGTGAAATACCGACGTATACCTTATATTAGTCGGTGTCGTGAAATACCGGCGTATATATTATATTCGTAGGTGTCGTAAAATAACGACATATATATTATATTTGTAGGTGTCGTAAAATACCGACGTATATAGTATAGGTGTCGTGAAATACCGACGCATATATTATATTCGTAGGTGTCGTGAAATACCAACGTATATCTTATATTCATAGGTGTCGTGAAATTCCGTCGTATATGTTATATTCGTAGGTGCCGTAAAATACCGACGTATCTGTTATATTCTTCCGTGTCGTAAAATACCGACGTATCTGTTATAATCGCCGGTGTCGTAAAATACCGACGTATATATTATAGTCTTCCGTGTCGTAAAATAACGACATATATATTATATTTGTAGGTGTCGTAAAATACCGACATATATAGCATAGGTGTCGTGAAATACCGACGTGTATATTATATTCGTAGGTGTCGTGAAATACCGACGTATATATAATATTCGTAGGTGTCATAAAATAACGACATATATATTATATTTGTAGGTGTCGTAAAATACCGACGTATATAGTATACGTGTCATGAAATACCGACGTATATATTATATTCGTAGGTGTCGTGAAATACCAACATATATCTTGTATTCGTAGCTGTCGTGAAATTCCGTCGTATATGTTATATTCGTCGGTGGCTTAAAATACCGACGTATATGTTGTATTCGTCGGTATCGTAAAATAAGGACGTATATGTTACATTCGTCGGTGTCGTAAAATACCGACGTATACGTTACATTCGTCGTTGTCGTAAAATACCTACGTATACCTTATATCAGTCGGTGTCGTGAAATACCGATGTATATATTATATTCGTAGGTGTCG	('CGTAAAATACCGACGTAT', 4)
629	UACC812	chrX	89205913	89206594	GTCGTATATCTTATATTCACTCTTGTCGTAAAATACTGACGTATATCTTACTTTCGCAGGTGTCATAAAATACAGGTGTATAACTTATAATCGCAGGTGTCGTAAAATACAGACATAAATCTTATATTCGCTTGTGTCATAAAATACCGAAATATATGTTATATTCACCGGTGTCATAAAATACCGACGTATATGTTATATTCGTCGGTGTCGTAAAATACCAACGTATATGTAATATTCGTAGGTGCCGTAAAATACTGACCTATCTGTTATATTCTTCGGTGTCGTAAAATACCGACGTATCTGTTATAATCGTCAGTGTCGTAAAATACCGACGTATATATTATAGTCTTCCGTGTCGTAAAATACTGACGTATTTGTTATAATCGTCGGCGTCGTAAAATACCGACATATATGTTATATTCGTCGGTGTCGTAAAATAACGACATATATATTATATTTGTAGGTGTCGTAAAATACCGACGTATATAGCATAGGTGTCGTGAAATACCAACGTATATATTATATTCGTAGGTGTCGTGAAATTCCGTCGTATATGTTATATTCGTCGGTGTTGTAAAATAACGACATATATATTTGTAGGTGTCGTAAAATACCGACGTATATGTTATATTCGTTGGTGTCGTAAAATAAGGACGTATATGTTACATTCGTTGGTGTC	('GGTGTCGTAAAATACCGACGTAT', 2)
630	UACC812	chrX	89207288	89207480	CGTCGTATATGTTATATTCGTCGGTGTCGTAAAATACCGACGTATATGTTATATTCGTCGGTGTCGTAAAATACCGACGGATATGTTATATTCGTCGCTGTCGTAAAATACCGACGTATATCTTAGATTCGACGGTGTCGTAAAATACCGAAGTATATCTTATATTCGATGATGTCGTAAAATACCGACGTAT	('CGTATATGTTATATTCGTCGGTGTCGTAAAATACCGA', 2)
631	UACC812	chrY	6535019	6535611	CGTATATAGTATAGGTGTCGTGAAATACCGACGTATGTATTATATTCGTAGGTGTCGTGAAATTCCGTCGTATATGTTATATTCGTCGGTGTCGTAAAATACCGACGTATATGTTATATTCGTCGGTGTCGTAAAATACTGACGTATATCTTAGATTCGTCGGTATCATAAAATAAGGACGTATATGTTACATTCGTCAGTGTCGTAAAATACCGACCTATATGTTACATTCGTCGTTGTTGTGAAATACCGACGTATAACTTATATTAGTTGGTGTCGTGAAATACCGACGTATATATTATATTCGTAGGTGTCGTAAAATAACGGCATATATATTATATTTGTAGGTGTCATAAAATACCGACGTATATAGTATAGGTGTGAAATACCGACGTATATATTATATTCGTAGGTGTCGTGAAATACCAACATATATCTTATATTCGTAGGTGTGAAATTCCGTCGTATAAGTTATATTCGTCGGTGTCGTAAAATACCGACGTATATGTTATATTCGTCGGTGTCATAAAATACCGACGTATATCTTAGATTCGTCAGTGTCGTAAAATACCGACGTATATGTTATATTCGTC	('AAATACCGACGTAT', 3)
632	UACC812	chrY	6535076	6535611	TGAAATTCCGTCGTATATGTTATATTCGTCGGTGTCGTAAAATACCGACGTATATGTTATATTCGTCGGTGTCGTAAAATACTGACGTATATCTTAGATTCGTCGGTATCATAAAATAAGGACGTATATGTTACATTCGTCAGTGTCGTAAAATACCGACCTATATGTTACATTCGTCGTTGTTGTGAAATACCGACGTATAACTTATATTAGTTGGTGTCGTGAAATACCGACGTATATATTATATTCGTAGGTGTCGTAAAATAACGGCATATATATTATATTTGTAGGTGTCATAAAATACCGACGTATATAGTATAGGTGTGAAATACCGACGTATATATTATATTCGTAGGTGTCGTGAAATACCAACATATATCTTATATTCGTAGGTGTGAAATTCCGTCGTATAAGTTATATTCGTCGGTGTCGTAAAATACCGACGTATATGTTATATTCGTCGGTGTCATAAAATACCGACGTATATCTTAGATTCGTCAGTGTCGTAAAATACCGACGTATATGTTATATTCGTC	('AAATACCGACGTAT', 3)
639	HCC95	chr11	55124827	55125554	ACATTCTTTTGATTGAGCAGTTTGCAAACAGTCTTTTTGAAGAATCTGCAAAGGGAAATTTGTGAGCGCTTTGAGGCCTTTGGAGAAAAAGGAAATGTATTCACAGAAAAACTGGAAAGAAAGCTTCTGATAAACTGCTTTATAATGTGTACAATCATTTCACAGAGATCAGTGTTTCTTTTCATTGAGCAGCTTGGAAACTATTTTTGTAGAATCTGAAAATGGATATTTTTCAGTGCTTTGATGCCTGCGTTAAAAAAGGAATTATCTTCACATAAAAAATAGAAAATTTCTGAGAAACTTCTTTGTGATGCATGAATTTATGCCACCGAGTTGAACCATTTTATGATTGAGCAGTTTGGAAACAGTCTTTTTGTGGAATCTGCAAAGAGATATTTGTGAGTGCATTGAGGCCTACAGTAAAAAAGAAAATATCTTCACATAAAAACTAGCAAGGAGCTTTCTAAGAAACTGCTTTGTGATGCGTGCATTCATCTCACAGAGGTAAATGTTTCTTTGCATTGAACAGTGAAAACTCTGTTCTTGTAGAATCTGCAAAGTGATATTTGTGAGTGTTTTGAGGCCTATGGTGAAAAAGGAAATATCTTCAGAAAAACTAGACAGAAGCTTTCTGAGAATATTCTTTGTGATATATGCATTCATCTCAAAGAATTGAACGACCTCTTTGTTTGAGCAGTTTGGGAACAGCCTTTTTGTAGATTCTGCAA	('TGCATTCATCTC', 2)
642	KYSE410	chr17	29013528	29014104	CCCCCTCAGCCCTTATGCCTAGGATCTTGCATATTATATGTGCCTTATTAATGCTTGCAATTGTAAGTGCACTGTAAGTGCAGGATGAGGGCTACAGGGCAATGTTTAGAGCAGGGGAAGTCAATGGACCTGGATTCAAATCCTCGCTCTGCTATTTGCTAGCTGTAAGCCTTTGAGCAAATCACCTTTGAGCAAATCACCTTTCTGTTTCTTGGTTTCCTTAACTGTGAAATGGGAGATAGCAATACTGTTGTCTTCATAGGGTTGATTAGGACTAAATGAGACCCTGCAAATAAATAGCAGAGCTTGGCACATGAGGTGCATGGTACTTAAACTTGAGTGAGGCTGTTTCTGCATGCGCTGCACAGTTTGTGTTCACTGTCAGTTTTCAGGAAATGTGAATTAATCTGTGGGGTGTCCAGAACCGGAGAGTGGGTGAACCTCAAGACAGGGCCATAGGATGGCAGTCTCTCCCCGAAAGGGGTGACCGCTCACTTTCTGGATTCCCTCTAGTGCGGACACCCAGCTCATACCAGTCACAGGGGCTGGGTGCTCCTTGAAGTCAGAGTGAACTCAT	('CCTTTGAGCAAATCA', 2)
649	NCIH2122	chr1	36948076	36948711	CTTTAAATAAGAATAAAAGGTTTGTGTCTCCCTTACTCTGCTCCCCCATGCAACACCTGGTATCAAACTGGGGCAGTACTAGGTACTCAGTACATATTTCTTGAGCACAGTGAAGAGAGAAGGAAAACTTGACCCAGGGGACATTTTTCTGAAACTTGCCTGCTCTGAAGCACACTCTAGGAAGGCTGACGCCCTACTATGTGCCAATGCTGGAGGAATTTCTACTGTGTGCCAGATCCTGTACTGGGAGAGGCCTACTACGTGCCAGGCTCCATGCTGAGAAAGCACCTCCTGTGTGCTGATCTGAGTTGGCTGAAGCCCTACTGTGTATAGATCTTGTTTGGATGAGCTTCTAAGATGGAGGGGGAACCTATGTGCCTGGCTTCCTGCTGACAGTGCACCTACTGTGTGCTAGGTCCTGAACAAGGCACTGAGCATCAAAGAAAGAGGCAACCCCTGCCTCCATGCACCTCACAATCAACCTGGGAAAATCAGAAAAAGGGAGAGGAAGGGTAAGAAGGAGAGCACAGGGGAGATTAATAATAACTACTTATTCTGGCAAATTATGAGCGCATGTAGGGCCATCTGTGCACACAGCTCCATGCCGGCTCCTCACCAGCAAGGCCCAGTGTAGGA	('CTACTGTGTG', 2)
663	GI1	chr3	195944168	195945156	TAAATCTAGAACATCAGCTCCTCCCTGAGTCTCCAACTGAAAGACCCTCAATGCGAACAACTAAAGCTCCTCCCCAAGTCTTCAGCTGCACGACCCTCAATCTAGAACATCAGCTCCTCTACAGGTCTGCAGCTGCAAGATCCTCAAACTAGAACATCAGCTCCTCCCCGAGTCTTCAGCTGCATGACCCTCAATCTAGAACATCAGCTCCTCTCCGGGTCTGCAGCTGCAAGAACCTAAAACTAGAACATTACCTTCTCTCCAGGGCTCCAGTTCTATGACCCTAATTCTAGAACATCAGCTCCTCCCTGAGTCTCCAACTGAAAGACCCTCAACGCGAACAACATCAGCTCCTCCCCAAGTCTTCAGCTGCAAGACCCTCAAACTAGAACATCAGCTCCTCTACAGGTCTTCAGCTGCACGACCCTCAAACTAGAACATCAGCTCCTCCCCGGGTCTGCAGGTGCAAGACCCTCAATCTAGAACATCAGCTCCTCTCCGGGTCTGCAGCTGGGAGACCCTCAATCTAGAACATCAGCTCCTCTCCGGGTCTGCAGCTGCATGACCCTCAATCTAGAACATCAGCTCCTCTCCAGGTCTGCACCTGGGAGACCCTCAAACTAGAACATCAGCTCCTCCCCGGGTCTGCAGGTGCACGAACCTCAATCTAGAACATCAGCTCCTCTCCGGGTCTGCAGCTGCATGACACTCAATCTAGAACATCAGCTCCTCCCCGAGTCTGCAGGTGCACGACCCTCAATCTAGAACATCAGCTCCTCTCCGGGTCTGCAGCTGCATGACCCTCAATCTAGAACATCAGCACCTCTCCGGGTCTGCAGCTGCATGACCCTCAATCTAGAACATCAGCTCCTCTCCGGGTCTGCAGCTGCATGACCCTCAATCTAGAACATCAGCTCCTCTCCAGGTCTGCAGCTGGGAGACCCTCAAACTAGAACATCAGCTCCTCCCCGGGTCTGCAGGTGCACGAC	('CCTCAATCTAGAACATCAGCTCCTCTCCGGGTCTGCAGCTGCATGAC', 4)
668	MKN45	chr7	117253833	117254420	GACAGGACTTGTTTCACAAATTGATCCCAAGGCGGAGACTACCTTCTTTTGAAGGCAGGCTCTGCAGAGGAGGCGACAAGGATCAGGTCACACTCCCTGAGTCCTAGACGTGGTCCCTGTGTCAGACTGACACAGCCCTGCACAGCCCTGGTAACTGACAGAAAAAACATCTCATTGGGTTAGTTACTCCCTTTGCATAATGTGAGGTTATCACATTGCAGCCAAATTTATGGAAGGAAATTTGAAAACTGGGCAACCTCTTTAAAATGTTTTGTCCCATTGAGACTTTATTTATAACTTTTAATATTAAATTCTGTCAGTGAGGAAACATCACCTGATATAACTGTGCTGTGAATTTACATGCACTTCTTGTCTAGTGAATAGGATATGTATTCCTATAAAATTCTAGTAAAGCTTCTGTTTTGTTACATCTAAAGAGAAAACAACTCAGAAGACCTTTCAGCATCTATGAAGGTCATAAAACTACACTTCCCAGATGTTATTGGATACAGGTGTTGGTCCTTGCTAGCAATAATCTAGAACATATGAGAGCATGGACATCCTTTCTGCATGCTCGAAGTTCTGGAT	('CACAGCCCTG', 2)
