Sample	Chromosome Position	Start Position	End Position	Sequence
JH-EsoAd1	chr11	93276357	93277313	AAAGTGATGATGAACATGACTTGTGCTTCGTGTTTTACCTGTTCAGGAAGATCCCATTTTTGTATGAAGATGGGCTGTAGACAGGCTTACAGATAGCAACAATTCTGCAAAGGGAGGTATGAGTCTGCTTAGATACTAGAACAAGCATTCAACAAGAGAGAAGCATATAGCATTGTAAGGCCTGAGTGATAAGATTTGGGCTTTAAATCATTAAATACATTATTATAAACTGTCTTATTTGACAGTAAAAGGAAAGAGCCAGTAAAATAGTATCCTGAGGAACTGTCCAGGATTTATCTACCATTGTTTCCTAATCATTTCTTAGACATATATCTTGATACCACATCTACAAGAGCTTAAGAATAGAAAACCATGAATTTTTATTTCTTTTTATTTCCCCCAGATTCTTAGGCAAATGATAGATTCTCAAATAGCAGTTGTAACCTGTCTTGTTGAAGACAGATAAATATTTATTCATGTGGTAAATAAAAATACCTGCATTTTTTATTTTTTGCAATTTTCAGGATGTGACTGGAACAGAAATTCTCATGGAACCCTTTGAAAAAGCTGTGCTTTCATAGCCCCGTGTGCCCCTCTCCACCACATTTATCACAGTGCCTTAGCAGGCCTCTATGACTTCTTAGAGAACGAGAGAGGGAGAGGTCACCTCCATTTTTTTTGTGGCTTCTGCATTTAAAAATTTTCTAAAAGTCAAAAGAAAATAAAAAGCACAACACAATGCAATATAACATTCCTATTTATAAGATAATTTAATGATTTATACAAATATTAATGAACCATAACAAAAATAATTATAATCGTCAATTTATAGCATTTCTGTAGTTAACTTTTTCTCAAAATTATAAAAGGAAAAGTAAAAATATAAGATAAATATATTAATTGACACCATAGTACAGATGGTCTGGCAATGAGATATGCATATTTAAGTTGTATGA
JH-EsoAd1	chr11	93277299	93278269	TTTAAGTTGTATGATCATTGACAACTTCTTTGAACCTGTCAGGAAGTCTCTAAAACTACATATATGTGATAATTTGTAAATAATATCTTGGGGTCAAGTCCAAATGGCCCTCGTCCAGCCCCCCCACCAGCCAAGTATAATAATTTTATCAGCTGCTTTATGAATAATGTCTACTTATAAATTATCTGAATTTGAAGATCCCTTAGATTTTTTTCTTTTCCAGCACCATTCTCCTGCTCAACTTTCTTCTTCTTCCTCTGCTCTTCCACACCCTGCCAACATCTGAGTTTAGTCCTCAATAAAAATAAGAGTTGACACTTTTGATAATCAGCAAGGTGATCTAAACTTCCGAAACTTAACTAATGTAAGTCTATAACTGGACCCCTCCTAGCATTCTAAAAATGGCACAATACAGAGGGATTACAGTTTGTCCTTAATGCTCCTATCATAAAGCTTCATCCATTTTATCTTCTGTGCCAGAAGGAGTCCTTTTTCTTCTACTCCTCCCATGTATCAATCAGACGGCAAACACTGTCTCTTCTTTCTTTAAAATATTGATTTTTATCTTTTGGATAATAGACCTCTATAGAGTAAAAATTACTGGATGATAGCCACTTTACATTATTGTTGTTGTTTTATTATCTCCAGGTTAAGTAACTTTCTAAGATTTCAAAGCTAGTAAGTGACGGTGTGTGAGCCTAGCTTTCCTTTTCAACTCCAAAATTAGGGATTATAGTAGTCAGGGCTCTTCAGAGAAGCAGAAGCAATAGGAAAGATACAGATATATAGTGATTATAGTAGTCAGTAGAAGAAGAAAGTTGAGCAGGAGAATGGTGCTATCTAGGCATCCATTATCCCAGTCAAATTGACACATAAATTAACCATCTCAATTATCCCAAAACAGTATGCTATGGTGCCGCCATAGAGAGGTTGGTAAAACCTGTAAAACTTACTGCCCATAGAAAACTAC
JH-EsoAd1	chr11	93278302	93279265	GTCTTAAAAATCCTAAAGTTTATCCTTGTACCCCCTAAAGGGATTCATGGACCACAGATTTTAAAATTTTACTTAAAATCTTGCCTGGTTTCACATTCTTTCCCTATTCCCATTGCCATCGCCCATGCCCGTGTCTCTGGTAACATCTTTCTTCAACACATATCTATCCTGTTCAATCTATTCTGTGCCAGCTTGATCATCCTAAACACTGCATTCATCATATCATGCTTCCGTTGAAAAAATCCACAGCAATGGTGTGAATGAGTCTTTGCACATTTTAATCATTTACTTAATTTATAATTTTTAAATGATGTTTTATCCACTATACTGTAAAATTCATGGAAGGCAAGGATAATGTGTTTTGTTTACCACTGTATGGCAGTTCTTAAGTATACAATAAATGTTTGTTGGTTGACTAGATTTTGGAGCACTTTTCTGCATGAATAGTGGGAATATAAATTGTAGAAAATTTCACTGACATATTTATATGCATAGAAAAACTGCTGGAGAAACACAAATATGTTAACAGTAAATAGCTCTGAGAAGTGGGATTATGGAGGACTTTTATTTTCTGGGTCATTAAAAAAAGCTTTGATGTTTTCCCTTAACCTACTTAAACATATGAATTTTTTTCTCCCTTTTTCCTTTCCTTCTTCCTCCCTTCCCTCCCTCCCTCCCTTCCTTTCTTCCTTCCTCTCTCCCTTTGGCTTGTCTTTTAAAAGGTCTTTAAGAGTCTGGACCCATTTTATTACATCTCCCGCTGGTCTCAAATTAGGAAGTTCTTCTCCAGTTAATTTATCTATCCATAGATATAAACAATATTTATTGAGAGCTCATGACTTTCCAGGCACCATTGAGTGAGGAAAATAGAGACATGAACAATTTATTACTACAATGTCGTTAAGTGTTGTGTTAGATATACATACAAAAGGCTGTGGGAGCCCAAAGAAGGGACTGACTGAC
JH-EsoAd1	chr11	93278730	93279265	CACTTTTCTGCATGAATAGTGGGAATATAAATTGTAGAAAATTTCACTGACATATTTATATGCATAGAAAAACTGCTGGAGAAACACAAATATGTTAACAGTAAATAGCTCTGAGAAGTGGGATTATGGAGGACTTTTATTTTCTGGGTCATTAAAAAAAGCTTTGATGTTTTCCCTTAACCTACTTAAACATATGAATTTTTTTCTCCCTTTTTCCTTTCCTTCTTCCTCCCTTCCCTCCCTCCCTCCCTTCCTTTCTTCCTTCCTCTCTCCCTTTGGCTTGTCTTTTAAAAGGTCTTTAAGAGTCTGGACCCATTTTATTACATCTCCCGCTGGTCTCAAATTAGGAAGTTCTTCTCCAGTTAATTTATCTATCCATAGATATAAACAATATTTATTGAGAGCTCATGACTTTCCAGGCACCATTGAGTGAGGAAAATAGAGACATGAACAATTTATTACTACAATGTCGTTAAGTGTTGTGTTAGATATACATACAAAAGGCTGTGGGAGCCCAAAGAAGGGACTGACTGAC
JH-EsoAd1	chr11	100289218	100289611	AATCAATAGAAAAAGAGGGAATCCTCCCTAACTCATTTTATGAGGGCAGCATCATCCTGATACCAAAGCCGGGCAGAGACACAACGAACAAAGAGAATTTTAGACCAATATCCTTGATGAACATTGATACAAAAATCCTCAATAAAATACTGGCAAACCGAATCCAGCAGCACATCAAAAAGCTTATCCACCATGATCACGTGGGCTTCACCCCTGGGATGCAAGGCTGGTTCAATATACGCAAATCAATAAATGTAATCCAGCATATAAACAGAGCCAAAGACAAAAACCACATGATTATCTCAATAGCAGCAGAAAAAGCCTTTGACAAAATTCAACAACGCTTCATGCTAAAAACTCTCAATAAATTAGGTGTTGATGGGACGTATCTCA
OACP4-C	chr1	151381386	151382149	CATTCAGCCCTTTCTATATTGGGTGGGAGGCAAAAGGCCAGATACTCACCGTCCCAGGCCTTAGGCCTCCTTGCTGCTAGGAGCAAGCATGTGACTTGGTCTTGGACGCAGCCAGGTGTGCCCACCGGAGACTCCAACACAAGGAAGTAGGGAGTGGGTTCTGGTTGCTGCAGGGAAGGCTGGTGTGCGGGTGGGTCACCATGCTGCAGAACCTCCCAGGGTCCAGCGCAGCTGGTGGTGCCATGGCAGCACATAGAACTTGAGGGGTAGAGGCAGTGTCCTTTGATTGGGATCTAGGACAAGAAAGGGCTCTCTGGCTGCAACCACTTCTGCCACTGGGGCCTTATGATCGAGCAGATCCAGTGATGCTTGGTGAGTTGGGGTGATCCATGGGATGAGGCAGGCAAGAGGCAGAAGGAGAGTCCCCAGGGTGACCCCAAATGATTGAGCCCAGCCCACTTCAGCAAAGAACAGTTCTCTTGAAAAACAGCCTCTTCTGAGCTTCTGGGTCCCAAGAGAAACCAAACATGAGAGGATGGGACACCAGGTGGCCTTTGACTCAAGCCTCCTTATGAACTGGGGATTATCTGATCCACCTAGCTAGCCCAGGAACCAAGCCCAGGAGCTCATCATCCTTAAGTAGAACTGGGTTGAGCCCGAAAGGAACCCTGAGAGTGAAGCTGCCAACAGCAGAGAGAAGCTGCGGAGTCGCCTGGCTAGCCCTGTCTTGCCAATACCCTCTCCCCTCAGTCCACCCTAAGAG
OACP4-C	chr1	201996272	201996456	CACATTGACTCTAGTGTCTCCTGTTAAACTGAGTCACTGGCTTCCATTCTTCCTCTTCGTGTGGCTTTTCCACCTCCTGCCTCCCAGAGCAAAGTTTCCCTGATCCCAGAAGTGAAGGAGAGGAGGAAGAGAGGAGGGTATGAGCCAGGCTTCTCACTGTTGCTGAGGAGAGGGCCTAGGAGAT
OACP4-C	chr1	42882208	42882384	ACATTTCACATAAAAAAAGTGAAAAGGGCCGGGCACAGTGGCTCACGCCTGTAATCCCAGCACTTTGGGAGGCCGAGATGGGCAGATAACCTGAGGACAGCAGTTCGAGACCAGCCTGGATGACATGGTGAAACCCTGCCTCTACTAAAAATACAAAAATTAGCCGGGCATGGTGG
OACP4-C	chr3	195944238	195945210	TCCCCAAGTCTTCAGCTGCACGACCCTCAATCTAGAACATCAGCTCCTCTACAGGTCTGCAGCTGCAAGATCCTCAAACTAGAACATCAGCTCCTCCCCGAGTCTTCAGCTGCATGACCCTCAATCTAGAACATCAGCTCCTCTCCGGGTCTGCAGCTGCAAGAACCTAAAACTAGAACATTACCTTCTCTCCAGGGCTCCAGTTCTATGACCCTAATTCTAGAACATCAGCTCCTCCCTGAGTCTCCAACTGAAAGACCCTCAACGCGAACAACATCAGCTCCTCCCCAAGTCTTCAGCTGCAAGACCCTCAAACTAGAACATCAGCTCCTCTACAGGTCTTCAGCTGCACGACCCTCAAACTAGAACATCAGCTCCTCCCCGGGTCTGCAGGTGCAAGACCCTCAATCTAGAACATCAGCTCCTCTCCGGGTCTGCAGCTGGGAGACCCTCAATCTAGAACATCAGCTCCTCTCCGGGTCTGCAGCTGCATGACCCTCAATCTAGAACATCAGCTCCTCTCCAGGTCTGCACCTGGGAGACCCTCAAACTAGAACATCAGCTCCTCCCCGGGTCTGCAGGTGCACGAACCTCAATCTAGAACATCAGCTCCTCTCCGGGTCTGCAGCTGCATGACACTCAATCTAGAACATCAGCTCCTCCCCGAGTCTGCAGGTGCACGACCCTCAATCTAGAACATCAGCTCCTCTCCGGGTCTGCAGCTGCATGACCCTCAATCTAGAACATCAGCACCTCTCCGGGTCTGCAGCTGCATGACCCTCAATCTAGAACATCAGCTCCTCTCCGGGTCTGCAGCTGCATGACCCTCAATCTAGAACATCAGCTCCTCTCCAGGTCTGCAGCTGGGAGACCCTCAAACTAGAACATCAGCTCCTCCCCGGGTCTGCAGGTGCACGACCCTCAATCTAGAACATCAGCTCCTCTCCAGGTCTGCAGCTGCACGACCCTCAA
OACP4-C	chr5	754085	754658	CGTGCTCAGGGGAAACACGTCTCATCTATGAGTCTCCACTGTGCTCAGGGGAAACACCTCTCATCTATGAGCCTCCACCATGCTCAGGGGAAACATCTCTCGTCTATGAGCCTCCACCATGCTCAGGGGAAACACGTCTCATCTATGAGCCTCCACCGTGCTCAGGGGAAACACCTCTCGTCTATGAGCCTCCACCGTGCTCAGGGGAAACACCTCTCGCCTATGAGCCTCCACCACGCTCAGGGGAAAGACCTCTCATCTGTGAGCCTCCACCGTGATCAGGGGAAACACCTCTCATCCTTGTGCCTCCACCATGCTCAGGAGAAACACCTCTCGCCTGTGAGCCTCCACCATGCTCAGGGGAAAGACCTCTCGCCTGTGAGCCTCCACCGTGCTCAGGGAAACATCTCTCTTCCTTGCATCTCCACCGTGCTCAGGGGAAACACCTCTCGTCTATGAGCCTCCACCGTGCTCAGGGGAAACACCTCTCATCTGTGAGCCTCCACCATGCTCAGGGGAAACACCTCTCGTCCATCTGCGCTGGGTGCCCACTGCCCTTCCGTGGCCCCACCC
OACP4-C	chr5	846641	847074	CGTGCTCAGGGGAAATACCTCTCGCCTGTGAGCCTCCACCATGCTCAGGGGAAACACCTCTCGTCCTTGAGCCTCCACCATGCTCAGGGGAAACACCTCTCGTTCTTGAGCCTCCACCGTGCTCAGGGGAAACACCTCTCGTCTATGAGCCTCCACCGTGCTCAGGGGAAACACGTCTCATCTGTGAGCCTCCACCGTGCTCAGGGGAAACACCTCTCGTTCTTGCACCTCCACCATCCTCAGTGGAAACACCTCTCATCCTTGCGCCTCCACCGTGCTCAGGGGAAAGACCTCTCGCCTGTGAGCCTCCACCATGCTCAGTGGAAACACCTCTCATCTGTAAGCCTCCACCGTGCTCAGGGAAACATCTCTCTTCCTTGCATCTCCACCGTGCTCAGGGGAAACACCTCTCGTCTATGAGCCTCCACCGTGC
OACM5.1	chr7	93081824	93082166	AGTGAGATACCATCTCATGACAGTCAAAATGGTGATTATTAAAAAGTCAAGAAACAATAGAGGCTGGCGAGGCTGTGGAGAAATAGGAATGCTTTTACACTATTGGTGGGAATGTAAATTAGTTCAACCATTGTGGAAGACAGTATGGTAATTCCTCAAGGATCTGGAACCAGAAATACCATTTGACCCAGCAATCTCATTACTGGTTATATACACAAATGAATACAATCATTCTATTATGAAGATACATGCACATGTATGTTTATCGTGGCACTATTCACAGTAAGAAAGACCCAACCCAAATGCCCATCAATGATAGACTAGATAAAGAAAATGTGGTAC
OACM5.1	chr7	116679796	116679945	TGTATTTTCTGGTAACCAGACTTCCTATATGAATTTGACATAGCTTTAAGTGCATTTCAAATGACATGATTAAAGAATGGCTGCTTTGGAGACAGCAGCTCCTTCTCTCTTAAAGAAATAAACTATCATGCTAAAATATAGGCATTGAG
OACM5.1	chr7	116681454	116682006	GATATTGTCTCTGGGGATATATATTAGCTTTCCTTGAGGATACTACCTTGAAACCATTTCTTTGGTCCTTGACTATACAAAGTTCATACTAGCATGGATGTAGGAATTGTATTTTTCTATTCTAAATACGAATTTAGACAGTGATATAAAGATTCAAGGAAAGCTTCTATCAAGGCCTGCCTTCACTACTTGTCTTTTGGCTCCTCTGAGGGTCTTAGGTGAGCCACTTTCATCTGATTCTGCCCTCACTTCAGGCAGAATTCATATGGCTCCAGCCAATGGCTACACTGTCCAAAGTGAGACTGTGGTCTCACAACCATCTGGTTAATACAAAGACAGCAAGCCAATATGATCACTTAGGACCTAGGCAAACCTTTGGGCTTAAAATATTACCTTAGCTATTGTTGTTTTTAATGAGTATCAAATAGTATGATATTTGTAATTTGTATTATGTAAAGAAGTAACCAAAGCAGAGATTGTTGACAAAAAAAAAAACTTCCTCCTAACATAAATGAATATGCATTTTGGACTTTTCAAAAATTCCCTTTCTGT
OE33	chr7	111413096	111413697	TATTGTGAACAATTTTATACCATAACTTGGATAAATTAAATGAACCAATTGATTAAAAGACACAAATTATAAAACTGAATCAAAATAAACCCCTCATCAATCTCAAAAGTTTAACTCATAATTAACAATCTTCCCAAAAAGAAAATTCCTGGACCAGATGGTTTCACTGGTCAATTCTATCAAATATTTAAGGAAGAATTAAACCCTATACAAACTTTTTTTAGAAAAGAAAAAAAGAAGAAATACTTCCCAGCTTGTTTATGAAGCCACCAAGCCTCCAAATCCAGATAGAGATTACAAAAAAAAAATAAAAGACAGACCAATGTATCTCATACATATAGACATAAAGAAAGATCTTTAACAAAATATTACCAAATCAAACCCAGCAATATAAAAAAAAAATACATCATGATGAGGTTTGGCTTATCCAGGAATGTGAGATGGGTTTAGCATCCAAAAATCCAATCAATGTAATTTACCATATTAACAGATTAAAAAACAAAACTATATGACAATATCAATAGTTACAGAAAAGCATGTGGCAATAATCCCTCAGTCCTAATTTAAGAAAAAAAAAAAATCTCAGCAAAGTTGAAACAGA
OE33	chr12	107809481	107809486	AATGA
